{
  "samples": 340,
  "accuracy": 0.9882352941176471,
  "mean_distance_m": 0.006617647058823529,
  "median_distance_m": 0.0,
  "percentiles": {
    "p50": 0.0,
    "p75": 0.0,
    "p90": 0.0,
    "p95": 0.0
  },
  "cell_hit_rate": 0.9882352941176471,
  "mean_grid_error_cells": 0.026470588235294117,
  "within_0.25m": 0.9911764705882353,
  "within_0.50m": 0.9941176470588236,
  "within_1.00m": 1.0,
  "avg_confidence": 0.9905882300920823,
  "roc_auc_macro": 0.9968538324420677,
  "roc_auc_micro": 0.9969560658487994,
  "roc_auc_per_class": {
    "0_0": 0.9983333333333333,
    "0_1": 0.9498484848484847,
    "0_2": 1.0,
    "0_3": 1.0,
    "0_4": 1.0,
    "0_5": 0.95,
    "0_6": 1.0,
    "0_7": 0.9984848484848484,
    "0_8": 1.0,
    "1_0": 1.0,
    "1_1": 1.0,
    "1_2": 1.0,
    "1_3": 1.0,
    "1_4": 1.0,
    "1_5": 1.0,
    "1_6": 1.0,
    "1_7": 1.0,
    "2_0": 1.0,
    "2_1": 1.0,
    "2_2": 1.0,
    "2_3": 1.0,
    "2_4": 1.0,
    "2_5": 1.0,
    "2_6": 1.0,
    "2_7": 1.0,
    "2_8": 1.0,
    "3_0": 0.9981818181818183,
    "3_1": 1.0,
    "3_2": 1.0,
    "3_3": 0.9981818181818182,
    "3_4": 1.0,
    "3_5": 1.0,
    "3_6": 1.0,
    "3_7": 1.0
  },
  "router_distance_accuracy": 0.8176470588235294,
  "router_distance_accuracy_baseline": 0.38823529411764707,
  "router_distance_classes": [
    2.0,
    4.0
  ],
  "run_name": "vertiloc-beacon-v1",
  "ood_energy_threshold": -7.097844633292744,
  "ood_distance_threshold": 30.513959693812065,
  "ood_energy_percentile": 95.0,
  "ood_distance_percentile": 95.0,
  "ood_temperature": 1.0,
  "ood_unknown_rate": 0.05,
  "ood_recall_on_errors": 0.5,
  "ood_flag_rate_on_correct": 0.044642857142857144,
  "board_projection": {
    "router_height_m": 0.75,
    "raw_board_error_mean_m": 0.006617647058823529,
    "raw_board_error_p90_m": 0.0,
    "clamped_board_error_mean_m": 0.006617647058823529,
    "clamped_board_error_p90_m": 0.0,
    "mean_error_gain_m": 0.0,
    "pred_outside_board_ratio": 0.23529411764705882,
    "true_outside_board_ratio": 0.23529411764705882,
    "zone_accuracy": 1.0,
    "zone_neighbor_accuracy": 1.0
  }
}
