{
  "samples": 340,
  "accuracy": 0.9970588235294118,
  "mean_distance_m": 0.001764705882352941,
  "median_distance_m": 0.0,
  "percentiles": {
    "p50": 0.0,
    "p75": 0.0,
    "p90": 0.0,
    "p95": 0.0
  },
  "cell_hit_rate": 0.9970588235294118,
  "mean_grid_error_cells": 0.0058823529411764705,
  "within_0.25m": 0.9970588235294118,
  "within_0.50m": 0.9970588235294118,
  "within_1.00m": 1.0,
  "avg_confidence": 0.9988350196106851,
  "roc_auc_macro": 0.998529411764706,
  "roc_auc_micro": 0.9985281010800042,
  "roc_auc_per_class": {
    "0_0": 1.0,
    "0_1": 0.95,
    "0_2": 1.0,
    "0_3": 1.0,
    "0_4": 1.0,
    "0_5": 1.0,
    "0_6": 1.0,
    "0_7": 1.0,
    "0_8": 1.0,
    "1_0": 1.0,
    "1_1": 1.0,
    "1_2": 1.0,
    "1_3": 1.0,
    "1_4": 1.0,
    "1_5": 1.0,
    "1_6": 1.0,
    "1_7": 1.0,
    "2_0": 1.0,
    "2_1": 1.0,
    "2_2": 1.0,
    "2_3": 1.0,
    "2_4": 1.0,
    "2_5": 1.0,
    "2_6": 1.0,
    "2_7": 1.0,
    "2_8": 1.0,
    "3_0": 1.0,
    "3_1": 1.0,
    "3_2": 1.0,
    "3_3": 1.0,
    "3_4": 1.0,
    "3_5": 1.0,
    "3_6": 1.0,
    "3_7": 1.0
  }
}