{
  "samples": 340,
  "accuracy": 0.9911764705882353,
  "mean_distance_m": 0.007482443090856044,
  "median_distance_m": 0.0,
  "percentiles": {
    "p50": 0.0,
    "p75": 0.0,
    "p90": 0.0,
    "p95": 0.0
  },
  "cell_hit_rate": 0.9911764705882353,
  "mean_grid_error_cells": 0.029773840075346062,
  "within_0.25m": 0.9911764705882353,
  "within_0.50m": 0.9911764705882353,
  "within_1.00m": 0.9970588235294118,
  "avg_confidence": 0.9905882342095685,
  "roc_auc_macro": 0.998373440285205,
  "roc_auc_micro": 0.9984775086505191,
  "roc_auc_per_class": {
    "0_0": 1.0,
    "0_1": 0.9498484848484847,
    "0_2": 1.0,
    "0_3": 1.0,
    "0_4": 1.0,
    "0_5": 1.0,
    "0_6": 1.0,
    "0_7": 1.0,
    "0_8": 1.0,
    "1_0": 1.0,
    "1_1": 1.0,
    "1_2": 1.0,
    "1_3": 1.0,
    "1_4": 1.0,
    "1_5": 0.9984848484848484,
    "1_6": 1.0,
    "1_7": 1.0,
    "2_0": 1.0,
    "2_1": 1.0,
    "2_2": 1.0,
    "2_3": 1.0,
    "2_4": 1.0,
    "2_5": 1.0,
    "2_6": 1.0,
    "2_7": 1.0,
    "2_8": 1.0,
    "3_0": 0.9981818181818182,
    "3_1": 1.0,
    "3_2": 1.0,
    "3_3": 0.9981818181818182,
    "3_4": 1.0,
    "3_5": 1.0,
    "3_6": 1.0,
    "3_7": 1.0
  },
  "spatial_smoothing": {
    "mode": "neighbor",
    "metric": "hex",
    "radius": 1,
    "alpha": 0.5,
    "beta": 0.9,
    "iters": 2,
    "max_confidence": 0.95,
    "smoothed_accuracy": 0.9911764705882353,
    "raw_accuracy": 0.9911764705882353,
    "delta_accuracy": 0.0,
    "smoothed_mean_distance_m": 0.007482443090856044,
    "raw_mean_distance_m": 0.007482443090856044,
    "delta_mean_distance_m": 0.0
  },
  "router_distance_accuracy": 0.8411764705882353,
  "router_distance_accuracy_baseline": 0.38529411764705884,
  "router_distance_classes": [
    2.0,
    4.0
  ],
  "ood_energy_threshold": -3.2218299785137106,
  "ood_distance_threshold": 1.6858739404357614e-07,
  "ood_energy_percentile": 95.0,
  "ood_distance_percentile": 95.0,
  "ood_temperature": 1.0,
  "ood_unknown_rate": 0.07941176470588235,
  "ood_recall_on_errors": 0.3333333333333333,
  "ood_flag_rate_on_correct": 0.0771513353115727
}