{
  "folds": {
    "B121": {
      "KNN_vanilla": {
        "cell_acc": 0.023076923076923078,
        "mean_error_m": 1.5085912137644168,
        "p90_error_m": 3.0
      },
      "RF_vanilla": {
        "cell_acc": 0.012207357859531772,
        "mean_error_m": 1.4569447363301207,
        "p90_error_m": 2.766315238724611
      },
      "CORAL+KNN": {
        "cell_acc": 0.01722408026755853,
        "mean_error_m": 1.3163023035110342,
        "p90_error_m": 2.570992026436488
      },
      "CORAL+RF": {
        "cell_acc": 0.014046822742474917,
        "mean_error_m": 1.3054794467885449,
        "p90_error_m": 2.5179356624028344
      },
      "DANN": {
        "cell_acc": 0.007692307692307693,
        "mean_error_m": 1.4893318531504158,
        "p90_error_m": 2.75
      }
    },
    "D005": {
      "KNN_vanilla": {
        "cell_acc": 0.0,
        "mean_error_m": 1.1900258173813585,
        "p90_error_m": 2.08806130178211
      },
      "RF_vanilla": {
        "cell_acc": 0.01,
        "mean_error_m": 1.1941750621254177,
        "p90_error_m": 2.2699118925632336
      },
      "CORAL+KNN": {
        "cell_acc": 0.001176470588235294,
        "mean_error_m": 1.2656350515660426,
        "p90_error_m": 2.08806130178211
      },
      "CORAL+RF": {
        "cell_acc": 0.0,
        "mean_error_m": 1.2792872432216855,
        "p90_error_m": 2.33238075793812
      },
      "DANN": {
        "cell_acc": 0.01411764705882353,
        "mean_error_m": 1.2463815334741781,
        "p90_error_m": 2.08806130178211
      }
    },
    "E101": {
      "KNN_vanilla": {
        "cell_acc": 0.010555555555555556,
        "mean_error_m": 1.3838040589431433,
        "p90_error_m": 2.570992026436488
      },
      "RF_vanilla": {
        "cell_acc": 0.01,
        "mean_error_m": 1.3445944540784533,
        "p90_error_m": 2.5179356624028344
      },
      "CORAL+KNN": {
        "cell_acc": 0.019074074074074073,
        "mean_error_m": 1.3758533098594785,
        "p90_error_m": 2.55
      },
      "CORAL+RF": {
        "cell_acc": 0.0042592592592592595,
        "mean_error_m": 1.4149452201556922,
        "p90_error_m": 2.55
      },
      "DANN": {
        "cell_acc": 0.014907407407407407,
        "mean_error_m": 1.307773692737528,
        "p90_error_m": 2.33238075793812
      }
    },
    "E102": {
      "KNN_vanilla": {
        "cell_acc": 0.012888888888888889,
        "mean_error_m": 1.419113542537462,
        "p90_error_m": 2.6570660511172846
      },
      "RF_vanilla": {
        "cell_acc": 0.012977777777777777,
        "mean_error_m": 1.4262810537448067,
        "p90_error_m": 2.6570660511172846
      },
      "CORAL+KNN": {
        "cell_acc": 0.012444444444444444,
        "mean_error_m": 1.422625635730845,
        "p90_error_m": 2.75
      },
      "CORAL+RF": {
        "cell_acc": 0.013866666666666666,
        "mean_error_m": 1.4335037078723594,
        "p90_error_m": 2.75
      },
      "DANN": {
        "cell_acc": 0.01608888888888889,
        "mean_error_m": 1.3533868011258932,
        "p90_error_m": 2.5
      }
    }
  },
  "averages": {
    "KNN_vanilla": {
      "cell_acc_mean": 0.01163034188034188,
      "cell_acc_std": 0.008201039256707513,
      "mean_error_m_mean": 1.3753836581565952
    },
    "RF_vanilla": {
      "cell_acc_mean": 0.011296283909327387,
      "cell_acc_std": 0.0013245925146568157,
      "mean_error_m_mean": 1.3554988265696997
    },
    "CORAL+KNN": {
      "cell_acc_mean": 0.012479767343578085,
      "cell_acc_std": 0.006959869819598974,
      "mean_error_m_mean": 1.3451040751668502
    },
    "CORAL+RF": {
      "cell_acc_mean": 0.00804318716710021,
      "cell_acc_std": 0.006102612633547181,
      "mean_error_m_mean": 1.3583039045095706
    },
    "DANN": {
      "cell_acc_mean": 0.01320156276185688,
      "cell_acc_std": 0.003257209694627342,
      "mean_error_m_mean": 1.3492184701220038
    }
  }
}