campaign,samples,cell_accuracy,cell_mean_distance_m,orientation_accuracy,orientation_f1_macro,orientation_mean_angular_error_deg,height_mae_raw_m,height_mae_clamped_m,within_board_ratio
E101/back,1800,0.21444444444444444,1.0245066507008045,0.6422222222222222,0.1955345060893099,46.78943367668086,0.23098065084117664,0.23098065084117664,1.0
E101/front,1800,0.19166666666666668,1.137332208953594,0.6794444444444444,0.20228250082699306,45.67277542966802,0.2185657577331349,0.2185657577331349,1.0
E101/left,1800,0.2827777777777778,0.8037833184549554,0.6566666666666666,0.1981891348088531,38.057343953349005,0.22685508464209572,0.22685508464209572,1.0
E101/right,1800,0.2638888888888889,0.9956762101833511,0.7455555555555555,0.2135582431572247,31.80798453352981,0.2220760442649711,0.2220760442649711,1.0
