seed,cell_accuracy,cell_f1_macro,cell_mean_distance_m,zone_accuracy,zone_f1_macro,zone_neighbor_accuracy
7,0.9013888888888889,0.908712055162153,0.11140282212773545,0.9347222222222222,0.9229102521344205,0.9736111111111111
17,0.8965277777777778,0.9037069845335665,0.10199512026979399,0.9305555555555556,0.9183729248894339,0.9743055555555555
27,0.9013888888888889,0.9103420332034927,0.10314542866663719,0.9354166666666667,0.9232424192386254,0.9791666666666666
37,0.8979166666666667,0.9067496429076461,0.11885586814737042,0.9340277777777778,0.9222244935995003,0.9791666666666666
47,0.8979166666666667,0.9050624326920853,0.10508263754836776,0.9333333333333333,0.9211916936103369,0.9743055555555555
