{
  "dataset": {
    "samples": 1500,
    "test_predictions_total": 7500,
    "seeds": [
      7,
      17,
      27,
      37,
      47
    ],
    "orientation_labels": [
      "back_right",
      "front_right",
      "front_left",
      "back_left"
    ],
    "orientation_degrees": {
      "back_right": 45.0,
      "front_right": 135.0,
      "front_left": 225.0,
      "back_left": 315.0
    }
  },
  "orientation_task": {
    "orient_only_accuracy_mean": 0.5356,
    "orient_only_accuracy_std": 0.013323996731044676,
    "orient_only_f1_macro_mean": 0.5356791199172765,
    "orient_only_mean_angular_error_deg": 56.49751730919576,
    "multitask_accuracy_mean": 0.5351999999999999,
    "multitask_accuracy_std": 0.008757472999292248,
    "multitask_f1_macro_mean": 0.5352301420559217,
    "multitask_mean_angular_error_deg": 56.31232072228748,
    "accuracy_delta_abs_mean": -0.00039999999999997817,
    "angular_error_delta_deg_mean": -0.1851965869082747,
    "confusion_matrix_multitask_circular": [
      [
        1069,
        244,
        187,
        375
      ],
      [
        330,
        869,
        460,
        216
      ],
      [
        244,
        262,
        996,
        373
      ],
      [
        349,
        161,
        455,
        910
      ]
    ]
  },
  "cell_task": {
    "multitask_cell_accuracy_mean": 0.1608,
    "multitask_cell_accuracy_std": 0.008277412370756668,
    "multitask_cell_f1_macro_mean": 0.1375906421847571
  },
  "per_campaign": [
    {
      "campaign": "exp1_back_right",
      "samples": 1875,
      "orient_only_accuracy": 0.5754666666666667,
      "multitask_orientation_accuracy": 0.5701333333333334,
      "multitask_cell_accuracy": 0.1616,
      "orient_only_mean_angular_error_deg": 49.75546549848951,
      "multitask_mean_angular_error_deg": 49.31515501300451
    },
    {
      "campaign": "exp2_front_right",
      "samples": 1875,
      "orient_only_accuracy": 0.45813333333333334,
      "multitask_orientation_accuracy": 0.4634666666666667,
      "multitask_cell_accuracy": 0.21813333333333335,
      "orient_only_mean_angular_error_deg": 62.72541851104043,
      "multitask_mean_angular_error_deg": 62.367985261359166
    },
    {
      "campaign": "exp3_front_left",
      "samples": 1875,
      "orient_only_accuracy": 0.5344,
      "multitask_orientation_accuracy": 0.5312,
      "multitask_cell_accuracy": 0.1072,
      "orient_only_mean_angular_error_deg": 56.14781435426638,
      "multitask_mean_angular_error_deg": 56.530212549391095
    },
    {
      "campaign": "exp4_back_left",
      "samples": 1875,
      "orient_only_accuracy": 0.47626666666666667,
      "multitask_orientation_accuracy": 0.48533333333333334,
      "multitask_cell_accuracy": 0.15626666666666666,
      "orient_only_mean_angular_error_deg": 57.36137087298675,
      "multitask_mean_angular_error_deg": 57.0359300653952
    }
  ],
  "cell_weight": 0.05
}