campaign,samples,cell_accuracy,cell_mean_distance_m,orientation_accuracy,orientation_f1_macro,orientation_mean_angular_error_deg,elevation_accuracy,elevation_f1_macro,elevation_mean_abs_error_m
exp1_back_right,1875,0.2256,1.0972784469871437,0.34826666666666667,0.10332278481012658,77.95997675980894,0.9648,0.3273615635179153,0.0264
exp2_front_right,1875,0.26293333333333335,1.0404867324424014,0.3488,0.10344009489916964,44.13940362800541,0.9066666666666666,0.317016317016317,0.07
exp3_front_left,1875,0.17333333333333334,1.2762197146277428,0.41226666666666667,0.11676737160120847,41.93413201515937,0.9296,0.3211719181868436,0.0528
exp4_back_left,1875,0.18026666666666666,1.1440049198670599,0.26026666666666665,0.08260685569191706,88.88041170667077,0.9610666666666666,0.3267156196174417,0.0292
exp5_ground,1875,0.21653333333333333,1.1386424521745313,0.6330666666666667,0.1550620509470934,25.14903919433153,0.1648,0.09432234432234432,0.7112
exp6_1m50,1875,0.1808,1.1863952519884087,0.7093333333333334,0.16599063962558502,23.631047368195723,0.46613333333333334,0.21195586273796532,0.4264
