campaign,samples,elevation_accuracy,elevation_f1_macro,baseline_cell_accuracy,multitask_cell_accuracy
exp1_back_right,1851,0.9864937871420854,0.33106699301967185,0.17450027012425715,0.1836844948676391
exp2_front_right,1882,0.873538788522848,0.31083380601247873,0.21147715196599362,0.2035069075451647
exp3_front_left,1897,0.9230363732208751,0.3199926900584795,0.15023721665788087,0.12862414338429098
exp4_back_left,1870,0.9823529411764705,0.3303659742828882,0.11818181818181818,0.1518716577540107
exp5_ground,1875,0.050666666666666665,0.032148900169204735,0.17226666666666668,0.17066666666666666
exp6_1m50,1875,0.3914666666666667,0.18755589625654787,0.14186666666666667,0.14186666666666667
