campaign,samples,orient_only_accuracy,multitask_orientation_accuracy,multitask_cell_accuracy,orient_only_mean_angular_error_deg,multitask_mean_angular_error_deg
exp1_back_right,1875,0.5754666666666667,0.5701333333333334,0.1616,49.75546549848951,49.31515501300451
exp2_front_right,1875,0.45813333333333334,0.4634666666666667,0.21813333333333335,62.72541851104043,62.367985261359166
exp3_front_left,1875,0.5344,0.5312,0.1072,56.14781435426638,56.530212549391095
exp4_back_left,1875,0.47626666666666667,0.48533333333333334,0.15626666666666666,57.36137087298675,57.0359300653952
