campaign,samples,orient_only_accuracy,multitask_orientation_accuracy,multitask_cell_accuracy,orient_only_mean_angular_error_deg,multitask_mean_angular_error_deg
exp1_back_right,1125,0.5946666666666667,0.5626666666666666,0.28355555555555556,46.755182965094974,51.519292686436856
exp2_front_right,1125,0.448,0.4613333333333333,0.3022222222222222,62.663252846891424,63.37352274098739
exp3_front_left,1125,0.5048888888888889,0.472,0.24355555555555555,58.689136913719196,62.36975977287587
exp4_back_left,1125,0.47733333333333333,0.4488888888888889,0.23644444444444446,58.52743184547997,61.28540171375051
