{
  "generated_at_unix_s": 1773417482,
  "config": {
    "room_filter": [
      "E102"
    ],
    "distance_filter": [
      4.0
    ],
    "models": [
      "rf",
      "et",
      "mlp"
    ],
    "test_size": 0.2,
    "seed": 21,
    "max_train_samples": 1200,
    "max_test_samples": 500,
    "batch_size": 32,
    "warmup_runs": 20,
    "repeats": 8,
    "host_power_w": 6.0,
    "esp32_voltage_v": 3.3,
    "esp32_current_ma": 95.0,
    "esp32_inference_ms": 12.0,
    "esp32_latency_scale": 1.0,
    "cwd": "/home/test/Documents/projetretd"
  },
  "results": [
    {
      "model": "mlp",
      "n_train": 1200,
      "n_test": 500,
      "n_cells": 75,
      "cell_accuracy": 0.28,
      "model_size_bytes": 463489,
      "model_size_kb": 452.6259765625,
      "model_size_mb": 0.4420175552368164,
      "flash_proxy_kb": 452.6259765625,
      "load_time_ms": 2.731432,
      "first_inference_ms": 0.857153,
      "cold_start_total_ms": 3.588585,
      "rss_after_warmup_mb": 538.50390625,
      "rss_baseline_before_load_mb": 538.50390625,
      "warmup_mean_ms": 0.28357895,
      "warmup_p95_ms": 0.4477414000000001,
      "latency_mean_ms": 0.013968964000000002,
      "latency_p50_ms": 0.006485749999999999,
      "latency_p90_ms": 0.01165178125,
      "latency_p95_ms": 0.015593429687497919,
      "latency_p99_ms": 0.17221025,
      "throughput_inf_per_s": 71587.2701798072,
      "n_profiled_inferences": 4000,
      "host_power_w_assumed": 6.0,
      "host_energy_j_per_inference": 8.381378400000002e-05,
      "host_energy_mj_per_inference": 0.08381378400000002,
      "host_energy_wh_per_inference": 2.328160666666667e-08,
      "esp32_profile_mode": "explicit_ms",
      "esp32_voltage_v_assumed": 3.3,
      "esp32_current_ma_assumed": 95.0,
      "esp32_power_w_assumed": 0.3135,
      "esp32_inference_ms_assumed": 12.0,
      "esp32_energy_j_per_inference": 0.003762,
      "esp32_energy_uj_per_inference": 3762.0,
      "esp32_energy_wh_per_inference": 1.045e-06
    },
    {
      "model": "rf",
      "n_train": 1200,
      "n_test": 500,
      "n_cells": 75,
      "cell_accuracy": 0.586,
      "model_size_bytes": 66568097,
      "model_size_kb": 65007.9072265625,
      "model_size_mb": 63.48428440093994,
      "flash_proxy_kb": 65007.9072265625,
      "load_time_ms": 537.424197,
      "first_inference_ms": 366.105187,
      "cold_start_total_ms": 903.529384,
      "rss_after_warmup_mb": 380.5546875,
      "rss_baseline_before_load_mb": 256.9296875,
      "warmup_mean_ms": 788.58798205,
      "warmup_p95_ms": 1784.8059723,
      "latency_mean_ms": 17.059281644,
      "latency_p50_ms": 13.9108816875,
      "latency_p90_ms": 29.229076406249998,
      "latency_p95_ms": 37.43297013593748,
      "latency_p99_ms": 70.31381028125,
      "throughput_inf_per_s": 58.61911543923152,
      "n_profiled_inferences": 4000,
      "host_power_w_assumed": 6.0,
      "host_energy_j_per_inference": 0.10235568986399998,
      "host_energy_mj_per_inference": 102.35568986399998,
      "host_energy_wh_per_inference": 2.8432136073333328e-05,
      "esp32_profile_mode": "explicit_ms",
      "esp32_voltage_v_assumed": 3.3,
      "esp32_current_ma_assumed": 95.0,
      "esp32_power_w_assumed": 0.3135,
      "esp32_inference_ms_assumed": 12.0,
      "esp32_energy_j_per_inference": 0.003762,
      "esp32_energy_uj_per_inference": 3762.0,
      "esp32_energy_wh_per_inference": 1.045e-06
    },
    {
      "model": "et",
      "n_train": 1200,
      "n_test": 500,
      "n_cells": 75,
      "cell_accuracy": 0.618,
      "model_size_bytes": 101258481,
      "model_size_kb": 98885.2353515625,
      "model_size_mb": 96.56761264801025,
      "flash_proxy_kb": 98885.2353515625,
      "load_time_ms": 440.027184,
      "first_inference_ms": 396.691414,
      "cold_start_total_ms": 836.718598,
      "rss_after_warmup_mb": 538.50390625,
      "rss_baseline_before_load_mb": 482.3828125,
      "warmup_mean_ms": 426.4220037,
      "warmup_p95_ms": 649.1452221000001,
      "latency_mean_ms": 17.9599405065,
      "latency_p50_ms": 16.147631968749998,
      "latency_p90_ms": 30.37035375,
      "latency_p95_ms": 33.727924125,
      "latency_p99_ms": 53.84936090625,
      "throughput_inf_per_s": 55.679471746472835,
      "n_profiled_inferences": 4000,
      "host_power_w_assumed": 6.0,
      "host_energy_j_per_inference": 0.10775964303900001,
      "host_energy_mj_per_inference": 107.75964303900001,
      "host_energy_wh_per_inference": 2.9933234177500002e-05,
      "esp32_profile_mode": "explicit_ms",
      "esp32_voltage_v_assumed": 3.3,
      "esp32_current_ma_assumed": 95.0,
      "esp32_power_w_assumed": 0.3135,
      "esp32_inference_ms_assumed": 12.0,
      "esp32_energy_j_per_inference": 0.003762,
      "esp32_energy_uj_per_inference": 3762.0,
      "esp32_energy_wh_per_inference": 1.045e-06
    }
  ]
}