{
  "generated_at_unix_s": 1773422323,
  "config": {
    "room_filter": [
      "E102"
    ],
    "distance_filter": null,
    "models": [
      "knn",
      "nn_lknn"
    ],
    "test_size": 0.2,
    "seed": 21,
    "max_train_samples": null,
    "max_test_samples": 2000,
    "batch_size": 32,
    "warmup_runs": 50,
    "repeats": 10,
    "host_power_w": 6.0,
    "esp32_voltage_v": 3.3,
    "esp32_current_ma": null,
    "esp32_inference_ms": null,
    "esp32_latency_scale": 1.0,
    "cwd": "/home/test/Documents/projetretd"
  },
  "results": [
    {
      "model": "knn",
      "n_train": 9000,
      "n_test": 2000,
      "n_cells": 75,
      "cell_accuracy": 0.9235,
      "model_size_bytes": 923920,
      "model_size_kb": 902.265625,
      "model_size_mb": 0.8811187744140625,
      "flash_proxy_kb": 902.265625,
      "load_time_ms": 1.115367,
      "first_inference_ms": 1.175702,
      "cold_start_total_ms": 2.291069,
      "rss_after_warmup_mb": 188.109375,
      "rss_baseline_before_load_mb": 188.109375,
      "warmup_mean_ms": 1.2090575599999998,
      "warmup_p95_ms": 1.7192985499999993,
      "latency_mean_ms": 0.03677467985,
      "latency_p50_ms": 0.034091750000000004,
      "latency_p90_ms": 0.0460128125,
      "latency_p95_ms": 0.0515365,
      "latency_p99_ms": 0.091091875,
      "throughput_inf_per_s": 27192.622861134165,
      "n_profiled_inferences": 20000,
      "host_power_w_assumed": 6.0,
      "host_energy_j_per_inference": 0.00022064807909999998,
      "host_energy_mj_per_inference": 0.22064807909999998,
      "host_energy_wh_per_inference": 6.129113308333333e-08,
      "esp32_profile_mode": "not_provided",
      "esp32_power_w_assumed": NaN,
      "esp32_inference_ms_assumed": NaN,
      "esp32_energy_j_per_inference": NaN,
      "esp32_energy_uj_per_inference": NaN
    },
    {
      "model": "nn_lknn",
      "n_train": 9000,
      "n_test": 2000,
      "n_cells": 75,
      "cell_accuracy": 0.927,
      "model_size_bytes": 4047215,
      "model_size_kb": 3952.3583984375,
      "model_size_mb": 3.859724998474121,
      "flash_proxy_kb": 3952.3583984375,
      "load_time_ms": 3.415384,
      "first_inference_ms": 378.585818,
      "cold_start_total_ms": 382.001202,
      "rss_after_warmup_mb": 200.29296875,
      "rss_baseline_before_load_mb": 200.29296875,
      "warmup_mean_ms": 343.10006286,
      "warmup_p95_ms": 433.5304122,
      "latency_mean_ms": 11.796500501999999,
      "latency_p50_ms": 11.3549866875,
      "latency_p90_ms": 13.80214275,
      "latency_p95_ms": 14.666932968749999,
      "latency_p99_ms": 24.24841575,
      "throughput_inf_per_s": 84.77090301742099,
      "n_profiled_inferences": 20000,
      "host_power_w_assumed": 6.0,
      "host_energy_j_per_inference": 0.07077900301199999,
      "host_energy_mj_per_inference": 70.77900301199999,
      "host_energy_wh_per_inference": 1.9660834169999997e-05,
      "esp32_profile_mode": "not_provided",
      "esp32_power_w_assumed": NaN,
      "esp32_inference_ms_assumed": NaN,
      "esp32_energy_j_per_inference": NaN,
      "esp32_energy_uj_per_inference": NaN
    }
  ]
}