{
  "config": {
    "k_values": [
      1,
      2,
      3,
      5,
      10,
      15,
      20,
      25
    ],
    "n_trials": 20,
    "knn_neighbors": 3,
    "seed": 42,
    "output_name": "fewshot_target_calibration.json"
  },
  "folds": {
    "B121": {
      "KNN_vanilla_LORO": {
        "cell_acc": 0.021739130434782608,
        "mean_error_m": 1.52688393211055,
        "n": 5980
      },
      "RawCentroid_K1": {
        "cell_acc": 0.18684745762711866,
        "cell_acc_std": 0.00804368994948508,
        "mean_error_m": 1.111789445885353
      },
      "TargetKNN_K1": {
        "cell_acc": 0.18689830508474575,
        "cell_acc_std": 0.008135257761445512,
        "mean_error_m": 1.1134615556073517
      },
      "RawCentroid_K2": {
        "cell_acc": 0.09702749140893471,
        "cell_acc_std": 0.012046634250752891,
        "mean_error_m": 1.250534171802372
      },
      "TargetKNN_K2": {
        "cell_acc": 0.3065292096219931,
        "cell_acc_std": 0.009874270121128279,
        "mean_error_m": 0.9477849183096396
      },
      "RawCentroid_K3": {
        "cell_acc": 0.0845383275261324,
        "cell_acc_std": 0.012332338415615506,
        "mean_error_m": 1.2616264998623068
      },
      "TargetKNN_K3": {
        "cell_acc": 0.4043118466898955,
        "cell_acc_std": 0.014203775699046628,
        "mean_error_m": 0.8080784597516268
      },
      "RawCentroid_K5": {
        "cell_acc": 0.07629928315412185,
        "cell_acc_std": 0.00838220819911071,
        "mean_error_m": 1.2595076113715027
      },
      "TargetKNN_K5": {
        "cell_acc": 0.5370967741935484,
        "cell_acc_std": 0.013702354733774394,
        "mean_error_m": 0.6123978512358745
      },
      "RawCentroid_K10": {
        "cell_acc": 0.06831081081081081,
        "cell_acc_std": 0.007989637104953956,
        "mean_error_m": 1.2842374151398437
      },
      "TargetKNN_K10": {
        "cell_acc": 0.7346138996138996,
        "cell_acc_std": 0.011312658953144122,
        "mean_error_m": 0.334160922523477
      },
      "RawCentroid_K15": {
        "cell_acc": 0.06693514644351464,
        "cell_acc_std": 0.009526635953901503,
        "mean_error_m": 1.2852302006585903
      },
      "TargetKNN_K15": {
        "cell_acc": 0.8168305439330543,
        "cell_acc_std": 0.007347974574286214,
        "mean_error_m": 0.21999832609942477
      },
      "RawCentroid_K20": {
        "cell_acc": 0.06348173515981734,
        "cell_acc_std": 0.008905712008954646,
        "mean_error_m": 1.293372278241815
      },
      "TargetKNN_K20": {
        "cell_acc": 0.8594748858447488,
        "cell_acc_std": 0.00634337630014655,
        "mean_error_m": 0.16333717245254573
      },
      "RawCentroid_K25": {
        "cell_acc": 0.06440954773869348,
        "cell_acc_std": 0.006345041988785298,
        "mean_error_m": 1.2840146952230347
      },
      "TargetKNN_K25": {
        "cell_acc": 0.8813065326633165,
        "cell_acc_std": 0.0057385526564846965,
        "mean_error_m": 0.13204842846913362
      }
    },
    "D005": {
      "KNN_vanilla_LORO": {
        "cell_acc": 0.004705882352941176,
        "mean_error_m": 1.1908026080892766,
        "n": 1700
      },
      "RawCentroid_K1": {
        "cell_acc": 0.31284513805522207,
        "cell_acc_std": 0.022379861626646153,
        "mean_error_m": 0.5980806672137421
      },
      "TargetKNN_K1": {
        "cell_acc": 0.31284513805522207,
        "cell_acc_std": 0.022379861626646153,
        "mean_error_m": 0.5980806672137421
      },
      "RawCentroid_K2": {
        "cell_acc": 0.1861825980392157,
        "cell_acc_std": 0.025427278915760545,
        "mean_error_m": 0.6996034284474867
      },
      "TargetKNN_K2": {
        "cell_acc": 0.4744791666666667,
        "cell_acc_std": 0.03065641251523109,
        "mean_error_m": 0.4558629635318371
      },
      "RawCentroid_K3": {
        "cell_acc": 0.1750938673341677,
        "cell_acc_std": 0.017938896487778636,
        "mean_error_m": 0.7035136426227071
      },
      "TargetKNN_K3": {
        "cell_acc": 0.5912703379224029,
        "cell_acc_std": 0.02332940568689399,
        "mean_error_m": 0.3487236155540875
      },
      "RawCentroid_K5": {
        "cell_acc": 0.156078431372549,
        "cell_acc_std": 0.023642249408855183,
        "mean_error_m": 0.7287087055707009
      },
      "TargetKNN_K5": {
        "cell_acc": 0.7345424836601306,
        "cell_acc_std": 0.03569924529055211,
        "mean_error_m": 0.22555889001225599
      },
      "RawCentroid_K10": {
        "cell_acc": 0.12698529411764703,
        "cell_acc_std": 0.017848270781680612,
        "mean_error_m": 0.7477811239015952
      },
      "TargetKNN_K10": {
        "cell_acc": 0.9001102941176471,
        "cell_acc_std": 0.014794357017710305,
        "mean_error_m": 0.08390251248450369
      },
      "RawCentroid_K15": {
        "cell_acc": 0.10802521008403361,
        "cell_acc_std": 0.020945241185294276,
        "mean_error_m": 0.7577665863606482
      },
      "TargetKNN_K15": {
        "cell_acc": 0.9454201680672266,
        "cell_acc_std": 0.00883542615349651,
        "mean_error_m": 0.04701483008225973
      },
      "RawCentroid_K20": {
        "cell_acc": 0.10093137254901959,
        "cell_acc_std": 0.018494039793446538,
        "mean_error_m": 0.7585139827493433
      },
      "TargetKNN_K20": {
        "cell_acc": 0.9609803921568629,
        "cell_acc_std": 0.0077853261553301216,
        "mean_error_m": 0.034102273836935336
      },
      "RawCentroid_K25": {
        "cell_acc": 0.09294117647058822,
        "cell_acc_std": 0.016566945035825682,
        "mean_error_m": 0.7671062048983235
      },
      "TargetKNN_K25": {
        "cell_acc": 0.9703529411764708,
        "cell_acc_std": 0.00760258561007225,
        "mean_error_m": 0.02523391414300456
      }
    },
    "E101": {
      "KNN_vanilla_LORO": {
        "cell_acc": 0.012685185185185185,
        "mean_error_m": 1.360733893018582,
        "n": 10800
      },
      "RawCentroid_K1": {
        "cell_acc": 0.11632643549589858,
        "cell_acc_std": 0.006435985915100438,
        "mean_error_m": 1.199903985971552
      },
      "TargetKNN_K1": {
        "cell_acc": 0.11627982848620433,
        "cell_acc_std": 0.006461653040384764,
        "mean_error_m": 1.1989979380234528
      },
      "RawCentroid_K2": {
        "cell_acc": 0.05123404654654655,
        "cell_acc_std": 0.006468249482177907,
        "mean_error_m": 1.2831842646394533
      },
      "TargetKNN_K2": {
        "cell_acc": 0.19282563813813813,
        "cell_acc_std": 0.008462762443994727,
        "mean_error_m": 1.0721741873704815
      },
      "RawCentroid_K3": {
        "cell_acc": 0.0458994708994709,
        "cell_acc_std": 0.007395708402294171,
        "mean_error_m": 1.272348653161289
      },
      "TargetKNN_K3": {
        "cell_acc": 0.2521258503401361,
        "cell_acc_std": 0.009325999884008083,
        "mean_error_m": 0.988003633021256
      },
      "RawCentroid_K5": {
        "cell_acc": 0.0432088122605364,
        "cell_acc_std": 0.006218452477603911,
        "mean_error_m": 1.2881447155901269
      },
      "TargetKNN_K5": {
        "cell_acc": 0.35454980842911876,
        "cell_acc_std": 0.010165290526424686,
        "mean_error_m": 0.8494324602725627
      },
      "RawCentroid_K10": {
        "cell_acc": 0.04285714285714286,
        "cell_acc_std": 0.004768720320968937,
        "mean_error_m": 1.292891206993586
      },
      "TargetKNN_K10": {
        "cell_acc": 0.5288045634920635,
        "cell_acc_std": 0.009807854727381861,
        "mean_error_m": 0.6160385475155247
      },
      "RawCentroid_K15": {
        "cell_acc": 0.04293724279835391,
        "cell_acc_std": 0.004441332524895077,
        "mean_error_m": 1.2947808261926868
      },
      "TargetKNN_K15": {
        "cell_acc": 0.6414146090534979,
        "cell_acc_std": 0.011145991727706413,
        "mean_error_m": 0.46270527615383683
      },
      "RawCentroid_K20": {
        "cell_acc": 0.04152243589743589,