metric_set,cell_accuracy,mean_error_m
baseline_low_data,0.7013333333333334,0.36009819756035477
augmented_with_generative,0.6906666666666667,0.4001054186906872
upper_bound_full_train,0.984,0.025723068883039976
