metric_set,cell_accuracy,mean_error_m
baseline_low_data,0.6506666666666666,0.5185778015273658
augmented_with_generative,0.6453333333333333,0.5355537154870009
upper_bound_full_train,0.9626666666666667,0.04026151173638696
