metric_set,cell_accuracy,mean_error_m
baseline_low_data,0.7173333333333334,0.3472049603665972
augmented_with_generative,0.7173333333333334,0.34195860056465427
upper_bound_full_train,0.976,0.03393766553372192
