metric_set,cell_accuracy,mean_error_m
baseline_low_data,0.744,0.3905238238430515
augmented_with_generative,0.7386666666666667,0.3769453799282419
upper_bound_full_train,0.976,0.026417388621743403
