metric_set,cell_accuracy,mean_error_m
baseline_low_data,0.744,0.3905238238430515
augmented_with_generative,0.6986666666666667,0.37951819436921114
upper_bound_full_train,0.976,0.026417388621743403
