{
  "room_aware": {
    "KNN": {
      "cell_acc": 0.9152371342078708,
      "mean_error_m": 0.10233227390902673
    },
    "GNN_cell": {
      "cell_acc": 0.02589976454759502,
      "mean_error_m": 1.2558109788682073
    }
  },
  "e102": {
    "KNN": {
      "cell_acc": 0.9244444444444444,
      "mean_error_m": 0.1138268855205167
    },
    "GNN_cell": {
      "cell_acc": 0.028444444444444446,
      "mean_error_m": 1.2890256593309173
    }
  }
}