campaign,n_test,raw_knn_cell_acc,raw_knn_mean_error_m,raw_knn_p90_error_m,heatmap_knn_cell_acc,heatmap_knn_mean_error_m,heatmap_knn_p90_error_m
E102/exp1,1875,0.0144,1.4229465252747298,2.5179356624028344,0.0144,1.4588255399532606,2.5179356624028344
E102/exp2,1875,0.023466666666666667,1.3587687049535584,2.55,0.019733333333333332,1.388241381171305,2.55
E102/exp3,1875,0.027733333333333332,1.4473098856212352,2.55,0.027733333333333332,1.433144769741419,2.55
E102/exp4,1875,0.0128,1.3974572226781177,2.5,0.020266666666666665,1.3440417947602377,2.328626204439004
E102/exp5,1875,0.009066666666666667,1.4224011811450812,2.5179356624028344,0.009066666666666667,1.435340205148752,2.75
E102/exp6,1875,0.0304,1.4018794861706685,2.5625952158618954,0.0272,1.3794452332882579,2.55
