room,n_test,raw_knn_cell_acc,raw_knn_mean_error_m,raw_knn_p90_error_m,heatmap_knn_cell_acc,heatmap_knn_mean_error_m,heatmap_knn_p90_error_m
D005,1700,0.011764705882352941,1.1526405797294441,2.08806130178211,0.008823529411764706,1.1353063602765872,2.08806130178211
E101,10800,0.013703703703703704,1.335202894116965,2.5179356624028344,0.015277777777777777,1.3392801635351936,2.5179356624028344
E102,11250,0.012977777777777777,1.3357783574807307,2.5179356624028344,0.011911111111111112,1.3497933390747239,2.5179356624028344
