model,train_fraction,n_repeats,n_train_samples_mean,cell_accuracy_mean,cell_accuracy_std,mean_error_m_mean,mean_error_m_std,p90_error_m_mean,p90_error_m_std
KNN,0.2,10,1800.0,0.7506666666666667,0.01463895623944963,0.34923810639626945,0.026046656864793728,1.4853760945802479,0.09665435352343704
KNN,0.4,10,3600.0,0.8764444444444445,0.011838881792004183,0.17685934915957074,0.015558524623534877,0.6674158724678516,0.19407371186954192
KNN,0.6,10,5400.0,0.9026222222222222,0.006383964822797101,0.13922001240663448,0.00881677161017117,0.11955124837953394,0.1588500306399975
KNN,0.8,10,7200.0,0.9150222222222222,0.004468085273160153,0.11989658442847753,0.008956540784445773,0.0,0.0
KNN,1.0,10,9000.0,0.9195555555555556,0.008138715078412065,0.1151286097439953,0.01216123563877936,0.0,0.0
