campaign,n_test,KNN_acc,KNN_err,KNN_p90,Bagging KNN_acc,Bagging KNN_err,Bagging KNN_p90,LDA+KNN_acc,LDA+KNN_err,LDA+KNN_p90,RF_acc,RF_err,RF_p90,HistGB_acc,HistGB_err,HistGB_p90
back,1800,0.0022222222222222222,1.334518320875046,2.5179356624028344,0.0022222222222222222,1.316850691447605,2.423324163210527,0.0022222222222222222,1.3855708345402749,2.75,0.0,1.3697310688504816,2.55,0.022222222222222223,1.249727062739942,2.328626204439004
front,1800,0.0038888888888888888,1.4090357139401686,2.55,0.006111111111111111,1.4223328042733667,2.5179356624028344,0.007222222222222222,1.408918364606013,2.5,0.006666666666666667,1.3606763967060194,2.5,0.012777777777777779,1.36541287402696,2.5
left,1800,0.0016666666666666668,1.2403450856590614,2.75,0.0016666666666666668,1.209655567427029,2.666359446005569,0.0005555555555555556,1.2922571640209621,2.666359446005569,0.01,1.342988705807236,2.766315238724611,0.01,1.2998339373195844,2.75
right,1800,0.03111111111111111,1.3479669829123102,2.570992026436488,0.03111111111111111,1.3830658473332402,2.570992026436488,0.0038888888888888888,1.3425820098041905,2.5,0.03166666666666667,1.3410200334664837,2.423324163210527,0.02722222222222222,1.307093567100229,2.5
