held_out,n_test,knn_cell_accuracy,knn_mean_error_m,knn_p90_error_m,bag_knn_cell_accuracy,bag_knn_mean_error_m,bag_knn_p90_error_m,lda_knn_cell_accuracy,lda_knn_mean_error_m,lda_knn_p90_error_m,rf_cell_accuracy,rf_mean_error_m,rf_p90_error_m,et_cell_accuracy,et_mean_error_m,et_p90_error_m,hgb_cell_accuracy,hgb_mean_error_m,hgb_p90_error_m,nn_lknn_cell_accuracy,nn_lknn_mean_error_m,nn_lknn_p90_error_m
routeur_centre,2000,0.0085,1.416701493634907,2.570992026436488,0.0085,1.4454296924879684,2.6570660511172846,0.018,1.376665278086219,2.5795994289045794,0.0045,1.4215756425518196,2.6570660511172846,0.001,1.3683176986149865,2.6570660511172846,0.0105,1.4096113257923033,2.814693589007514,0.0,1.3698247928261094,2.570992026436488
routeur_gauche,1980,0.0,1.4531318159869593,2.814693589007514,0.0,1.4559260376325265,2.814693589007514,0.0,1.3383784721581595,2.6570660511172846,0.007070707070707071,1.4193544233802204,2.814693589007514,0.00202020202020202,1.4009948909021697,2.814693589007514,0.008585858585858586,1.4114291310076357,2.6570660511172846,0.007070707070707071,1.342333325079689,2.6570660511172846
routeur_droite,2000,0.007,1.3865776523821163,2.423324163210527,0.007,1.3838611357795745,2.5179356624028344,0.0,1.3382672121452042,2.75,0.0,1.431042639150435,2.814693589007514,0.006,1.477079729974366,2.766315238724611,0.051,1.5234938402143008,3.059411708155671,0.0,1.4934525703275967,2.766315238724611
