held_out_room,n_test,nn_lknn_cell_accuracy,nn_lknn_mean_error_m,nn_lknn_p90_error_m,rf_cell_accuracy,rf_mean_error_m,rf_p90_error_m,knn_cell_accuracy,knn_mean_error_m,knn_p90_error_m,et_cell_accuracy,et_mean_error_m,et_p90_error_m,svm_cell_accuracy,svm_mean_error_m,svm_p90_error_m,svm_lin_cell_accuracy,svm_lin_mean_error_m,svm_lin_p90_error_m,svm_poly_cell_accuracy,svm_poly_mean_error_m,svm_poly_p90_error_m,hgb_cell_accuracy,hgb_mean_error_m,hgb_p90_error_m,gbdt_cell_accuracy,gbdt_mean_error_m,gbdt_p90_error_m,knn_lda_cell_accuracy,knn_lda_mean_error_m,knn_lda_p90_error_m,mlp_cell_accuracy,mlp_mean_error_m,mlp_p90_error_m,gnb_cell_accuracy,gnb_mean_error_m,gnb_p90_error_m,bag_knn_cell_accuracy,bag_knn_mean_error_m,bag_knn_p90_error_m,qda_cell_accuracy,qda_mean_error_m,qda_p90_error_m,stacking_cell_accuracy,stacking_mean_error_m,stacking_p90_error_m,router_distance_acc
D005,1700,0.013529,1.084619,2.088061,0.008235,1.164568,2.088061,0.012941,1.019471,1.775528,0.0,1.162241,2.12191,0.005882,1.142151,2.002237,0.008824,1.201125,2.269912,0.012941,1.21266,2.25,0.007647,1.233638,2.25,0.015882,1.137478,2.022375,0.008235,1.165567,2.088061,0.007647,1.166338,2.088061,0.007647,1.084744,2.022375,0.012941,1.044594,2.022375,0.011176,1.155651,2.088061,0.030588,1.025249,1.85,
E101,3600,0.016389,1.316206,2.517936,0.003889,1.331637,2.517936,0.016667,1.321057,2.517936,0.011667,1.319012,2.517936,0.025556,1.323908,2.657066,0.019167,1.340772,2.328626,0.026944,1.209588,2.25,0.006944,1.331085,2.517936,0.012778,1.320463,2.517936,0.015833,1.302878,2.517936,0.009444,1.347493,2.55,0.023056,1.408546,2.570992,0.018333,1.329591,2.517936,0.009444,1.473517,2.570992,0.013333,1.327347,2.517936,
E102,11250,0.017511,1.30928,2.517936,0.012356,1.335783,2.517936,0.012978,1.294668,2.517936,0.011644,1.349446,2.55,0.008178,1.336784,2.517936,0.017689,1.366649,2.570992,0.0144,1.297447,2.5,0.012267,1.168173,2.022375,0.013244,1.291357,2.5,0.015378,1.316885,2.517936,0.020089,1.33605,2.570992,0.019911,1.390832,2.75,0.012533,1.313233,2.517936,0.008711,1.332828,2.517936,0.016622,1.297931,2.5,0.063556
