{
  "loro": {
    "folds": {
      "B121": {
        "k1": {
          "cell_acc": 0.010169491525423728,
          "mean_error_m": 1.1748812496277494
        },
        "k5": {
          "cell_acc": 0.01003584229390681,
          "mean_error_m": 1.2277837119157378
        },
        "k10": {
          "cell_acc": 0.008301158301158301,
          "mean_error_m": 1.2289096263015757
        },
        "k25": {
          "cell_acc": 0.00628140703517588,
          "mean_error_m": 1.2392548285617726
        }
      },
      "D005": {
        "k1": {
          "cell_acc": 0.015606242496998799,
          "mean_error_m": 1.0228724585645774
        },
        "k5": {
          "cell_acc": 0.027450980392156862,
          "mean_error_m": 0.876547362303602
        },
        "k10": {
          "cell_acc": 0.027205882352941177,
          "mean_error_m": 0.868543217517231
        },
        "k25": {
          "cell_acc": 0.03058823529411765,
          "mean_error_m": 0.9170740219587512
        }
      },
      "E101": {
        "k1": {
          "cell_acc": 0.02162565249813572,
          "mean_error_m": 1.0704410507865796
        },
        "k5": {
          "cell_acc": 0.018869731800766284,
          "mean_error_m": 1.1278170724620498
        },
        "k10": {
          "cell_acc": 0.020436507936507937,
          "mean_error_m": 1.1259378031049954
        },
        "k25": {
          "cell_acc": 0.019555555555555555,
          "mean_error_m": 1.1323540429523828
        }
      },
      "E102": {
        "k1": {
          "cell_acc": 0.016107382550335572,
          "mean_error_m": 1.1411431143315112
        },
        "k5": {
          "cell_acc": 0.017195402298850575,
          "mean_error_m": 1.1387324915522121
        },
        "k10": {
          "cell_acc": 0.015428571428571429,
          "mean_error_m": 1.1467527708227945
        },
        "k25": {
          "cell_acc": 0.018773333333333333,
          "mean_error_m": 1.1379406099958895
        }
      }
    },
    "averages": {
      "k1": {
        "cell_acc_mean": 0.015877192267723453
      },
      "k5": {
        "cell_acc_mean": 0.01838798919642013
      },
      "k10": {
        "cell_acc_mean": 0.017843030004794713
      },
      "k25": {
        "cell_acc_mean": 0.018799632804545604
      }
    }
  }
}