{
  "room_aware": {
    "KNN": {
      "cell_acc": 0.9152371342078708,
      "mean_error_m": 0.10233227390902673
    },
    "MLP": {
      "cell_acc": 0.23730238816010762,
      "mean_error_m": 1.0346893024358428
    },
    "MoE_2experts": {
      "cell_acc": 0.33955600403632696,
      "mean_error_m": 0.8971322774158883
    },
    "MoE_4experts": {
      "cell_acc": 0.46451395896400943,
      "mean_error_m": 0.729673533950337
    }
  },
  "e102": {
    "KNN": {
      "cell_acc": 0.9244444444444444,
      "mean_error_m": 0.1138268855205167
    },
    "MLP": {
      "cell_acc": 0.26,
      "mean_error_m": 1.107026102644661
    },
    "MoE_2experts": {
      "cell_acc": 0.36133333333333334,
      "mean_error_m": 0.902288455284393
    },
    "MoE_4experts": {
      "cell_acc": 0.5044444444444445,
      "mean_error_m": 0.7073862798177243
    }
  }
}