config,feature_set,accuracy_mean,accuracy_std,f1_macro_mean,mean_angular_error_deg_mean,mean_angular_error_deg_std
signal_vs_ant_rf,signal_vs_ant,0.3658666666666667,0.05948430231768902,0.3615625747910499,78.62179436520674,6.546578171515072
raw_rf,raw,0.3181333333333333,0.05898007196408707,0.3140189143643995,80.60950954876219,7.063935750789748
