config,feature_set,model_family,accuracy_mean,accuracy_std,f1_macro_mean,mean_angular_error_deg_mean,mean_angular_error_deg_std,median_angular_error_deg_mean,p90_angular_error_deg_mean
signal_vs_ant_rf,signal_vs_ant,rf,0.358,0.028905977851571726,0.3560109650764225,76.76730524344217,3.3499120616387255,80.80019808070293,165.22266778704503
signal_vs_ant_extratrees,signal_vs_ant,extratrees,0.3514666666666667,0.02495061789482044,0.3486093991557527,77.34427470834346,1.9762461159594478,78.20224279820164,164.62055295847978
raw_rf,raw,rf,0.3425333333333333,0.03844881156955454,0.34087285049002297,76.06004557736497,3.5295054501761314,78.68994662651917,165.31369883611598
raw_plus_deltas_rf,raw_plus_deltas,rf,0.33186666666666664,0.030519210707720193,0.32885001149439935,77.76800476022406,3.561223691639639,78.62612144020594,166.9275770665276
