{
  "config": {
    "episodes": 2000,
    "n_way": 20,
    "n_support": 1,
    "n_query": 15,
    "hidden": 64,
    "emb_dim": 32,
    "lr": 0.001,
    "n_trials": 5,
    "k_values": [
      1,
      3,
      5,
      10,
      25
    ],
    "seed": 42,
    "output_name": "protonet_fewshot_e2000_s1_trials5.json"
  },
  "folds": {
    "B121": {
      "KNN_vanilla_LORO": {
        "cell_acc": 0.023076923076923078,
        "mean_error_m": 1.5085912137644168,
        "n": 5980
      },
      "ProtoNet_K1": {
        "cell_acc": 0.18,
        "cell_acc_std": 0.006325463694534666,
        "mean_error_m": 1.1138947286769534,
        "k": 1,
        "n_trials": 5
      },
      "RawCentroid_K1": {
        "cell_acc": 0.18366101694915254,
        "cell_acc_std": 0.006935165750532574,
        "mean_error_m": 1.080124060808243,
        "k": 1,
        "n_trials": 5
      },
      "TargetKNN_K1": {
        "cell_acc": 0.18366101694915254,
        "cell_acc_std": 0.006935165750532574,
        "mean_error_m": 1.0834912702447226,
        "k": 1,
        "n_trials": 5
      },
      "ProtoNet_K3": {
        "cell_acc": 0.15418118466898956,
        "cell_acc_std": 0.009065931589726612,
        "mean_error_m": 1.1611335536991167,
        "k": 3,
        "n_trials": 5
      },
      "RawCentroid_K3": {
        "cell_acc": 0.09156794425087109,
        "cell_acc_std": 0.009354346257384643,
        "mean_error_m": 1.2752512328417733,
        "k": 3,
        "n_trials": 5
      },
      "TargetKNN_K3": {
        "cell_acc": 0.4027526132404181,
        "cell_acc_std": 0.0162230204628821,
        "mean_error_m": 0.8084311931968149,
        "k": 3,
        "n_trials": 5
      },
      "ProtoNet_K5": {
        "cell_acc": 0.14498207885304656,
        "cell_acc_std": 0.006615792318940208,
        "mean_error_m": 1.1785329878546733,
        "k": 5,
        "n_trials": 5
      },
      "RawCentroid_K5": {
        "cell_acc": 0.0738709677419355,
        "cell_acc_std": 0.008482137731742542,
        "mean_error_m": 1.2700566825591177,
        "k": 5,
        "n_trials": 5
      },
      "TargetKNN_K5": {
        "cell_acc": 0.5345161290322581,
        "cell_acc_std": 0.015921645606956573,
        "mean_error_m": 0.6080286446016878,
        "k": 5,
        "n_trials": 5
      },
      "ProtoNet_K10": {
        "cell_acc": 0.14231660231660231,
        "cell_acc_std": 0.01200232035327518,
        "mean_error_m": 1.1691486587756448,
        "k": 10,
        "n_trials": 5
      },
      "RawCentroid_K10": {
        "cell_acc": 0.06629343629343629,
        "cell_acc_std": 0.009648338867255477,
        "mean_error_m": 1.2966505438284919,
        "k": 10,
        "n_trials": 5
      },
      "TargetKNN_K10": {
        "cell_acc": 0.7307722007722008,
        "cell_acc_std": 0.0064855671347014915,
        "mean_error_m": 0.34433755951505846,
        "k": 10,
        "n_trials": 5
      },
      "ProtoNet_K25": {
        "cell_acc": 0.13934673366834172,
        "cell_acc_std": 0.002876198597237023,
        "mean_error_m": 1.1929871385759419,
        "k": 25,
        "n_trials": 5
      },
      "RawCentroid_K25": {
        "cell_acc": 0.06477386934673367,
        "cell_acc_std": 0.0051428423123621,
        "mean_error_m": 1.2741205192838525,
        "k": 25,
        "n_trials": 5
      },
      "TargetKNN_K25": {
        "cell_acc": 0.8773869346733669,
        "cell_acc_std": 0.005327581218371282,
        "mean_error_m": 0.1359877107706152,
        "k": 25,
        "n_trials": 5
      }
    },
    "D005": {
      "KNN_vanilla_LORO": {
        "cell_acc": 0.0,
        "mean_error_m": 1.1900258173813585,
        "n": 1700
      },
      "ProtoNet_K1": {
        "cell_acc": 0.3037214885954381,
        "cell_acc_std": 0.009329824359051836,
        "mean_error_m": 0.6072807474767922,
        "k": 1,
        "n_trials": 5
      },
      "RawCentroid_K1": {
        "cell_acc": 0.30996398559423766,
        "cell_acc_std": 0.018739030519951117,
        "mean_error_m": 0.615603756930983,
        "k": 1,
        "n_trials": 5
      },
      "TargetKNN_K1": {
        "cell_acc": 0.30996398559423766,
        "cell_acc_std": 0.018739030519951117,
        "mean_error_m": 0.615603756930983,
        "k": 1,
        "n_trials": 5
      },
      "ProtoNet_K3": {
        "cell_acc": 0.316270337922403,
        "cell_acc_std": 0.01307031238102896,
        "mean_error_m": 0.6061743529252628,
        "k": 3,
        "n_trials": 5
      },
      "RawCentroid_K3": {
        "cell_acc": 0.16770963704630787,
        "cell_acc_std": 0.009862772618195518,
        "mean_error_m": 0.7232155992687359,
        "k": 3,
        "n_trials": 5
      },
      "TargetKNN_K3": {
        "cell_acc": 0.6038798498122653,
        "cell_acc_std": 0.012408805564901548,
        "mean_error_m": 0.34900093686665573,
        "k": 3,
        "n_trials": 5
      },
      "ProtoNet_K5": {
        "cell_acc": 0.3420915032679739,
        "cell_acc_std": 0.008159208645399863,
        "mean_error_m": 0.5683288842944707,
        "k": 5,
        "n_trials": 5
      },
      "RawCentroid_K5": {
        "cell_acc": 0.16875816993464052,
        "cell_acc_std": 0.01216740002951121,
        "mean_error_m": 0.738053810155542,
        "k": 5,
        "n_trials": 5
      },
      "TargetKNN_K5": {
        "cell_acc": 0.7500653594771242,
        "cell_acc_std": 0.026418814857242824,
        "mean_error_m": 0.2247608254301933,
        "k": 5,
        "n_trials": 5
      },
      "ProtoNet_K10": {
        "cell_acc": 0.3435294117647059,
        "cell_acc_std": 0.01754504829640498,
        "mean_error_m": 0.5632362126322205,
        "k": 10,
        "n_trials": 5
      },
      "RawCentroid_K10": {
        "cell_acc": 0.13970588235294118,
        "cell_acc_std": 0.014476146708617308,
        "mean_error_m": 0.7598789891827936,
        "k": 10,
        "n_trials": 5
      },
      "TargetKNN_K10": {
        "cell_acc": 0.9079411764705883,
        "cell_acc_std": 0.008692656885959804,
        "mean_error_m": 0.08154064198899244,
        "k": 10,
        "n_trials": 5
      },
      "ProtoNet_K25": {
        "cell_acc": 0.31599999999999995,
        "cell_acc_std": 0.024311701370521393,
        "mean_error_m": 0.565342659224856,
        "k": 25,
        "n_trials": 5
      },
      "RawCentroid_K25": {
        "cell_acc": 0.10023529411764706,
        "cell_acc_std": 0.012437247328378833,
        "mean_error_m": 0.769068936996296,
        "k": 25,
        "n_trials": 5
      },
      "TargetKNN_K25": {
        "cell_acc": 0.968,
        "cell_acc_std": 0.002723726330068303,
        "mean_error_m": 0.02596068197066669,
        "k": 25,
        "n_trials": 5
      }
    },
    "E101": {
      "KNN_vanilla_LORO": {
        "cell_acc": 0.010555555555555556,
        "mean_error_m": 1.3838040589431433,
        "n": 10800
      },
      "ProtoNet_K1": {
        "cell_acc": 0.11398210290827741,
        "cell_acc_std": 0.006951141363977749,
        "mean_error_m": 1.204981109474923,
        "k": 1,
        "n_trials": 5
      },
      "RawCentroid_K1": {
        "cell_acc": 0.11752423564504103,
        "cell_acc_std": 0.0067802931972850925,
        "mean_error_m": 1.2088155211449014,
        "k": 1,
        "n_trials": 5
      },
      "TargetKNN_K1": {
        "cell_acc": 0.11752423564504103,
        "cell_acc_std": 0.0067802931972850925,
        "mean_error_m": 1.2075808100650005,
        "k": 1,
        "n_trials": 5
      },
      "ProtoNet_K3": {
        "cell_acc": 0.08384353741496599,
        "cell_acc_std": 0.004071998091185241,
        "mean_error_m": 1.2252390503990307,
        "k": 3,
        "n_trials": 5
      },
      "RawCentroid_K3": {
        "cell_acc": 0.04293272864701436,
        "cell_acc_std": 0.007679633422904327,
        "mean_error_m": 1.2880349804246793,
        "k": 3,
        "n_trials": 5
      },
      "TargetKNN_K3": {
        "cell_acc": 0.24952758881330306,
        "cell_acc_std": 0.008677564709639396,