{
  "n_samples": 2,
  "predictions": [
    {
      "sample_id": 0,
      "Signal": -42.0,
      "Noise": -95.0,
      "signal_A1": -44.0,
      "signal_A2": -41.0,
      "signal_A3": -43.0,
      "pred_cell": "1_4",
      "confidence": 0.793764260678769,
      "ood_energy": -18.054515864432595,
      "ood_embedding_distance": 15.69155001155098,
      "ood_is_unknown": true,
      "pred_router_distance_m": 2.0,
      "distance_confidence": 0.8445483679924575,
      "room_projection_mode": "absolute",
      "board_x_m": 1.125,
      "board_z_m": 1.7500000000000002,
      "board_x_clamped_m": 1.125,
      "board_z_clamped_m": 1.7500000000000002,
      "zone_id": "middle_left",
      "zone_row": 1,
      "zone_col": 0,
      "within_board": true,
      "projection_distance_m": 0.0,
      "router_esp_3d_raw_m": 2.3921747427811373,
      "router_esp_3d_clamped_m": 2.3921747427811373
    },
    {
      "sample_id": 1,
      "Signal": -35.0,
      "Noise": -95.0,
      "signal_A1": -39.0,
      "signal_A2": -39.0,
      "signal_A3": -44.0,
      "pred_cell": "0_1",
      "confidence": 1.0,
      "ood_energy": -18.340494963242744,
      "ood_embedding_distance": 7.267302642972114,
      "ood_is_unknown": true,
      "pred_router_distance_m": 2.0,
      "distance_confidence": 0.9932205489547942,
      "room_projection_mode": "absolute",
      "board_x_m": 0.375,
      "board_z_m": 2.0500000000000003,
      "board_x_clamped_m": 0.375,
      "board_z_clamped_m": 2.0500000000000003,
      "zone_id": "top_left",
      "zone_row": 0,
      "zone_col": 0,
      "within_board": true,
      "projection_distance_m": 0.0,
      "router_esp_3d_raw_m": 2.8722813232690143,
      "router_esp_3d_clamped_m": 2.8722813232690143
    }
  ],
  "latest_training_metrics": {
    "router_distance_accuracy": 0.8176470588235294,
    "router_distance_accuracy_baseline": 0.38823529411764707,
    "board_projection": {
      "router_height_m": 0.75,
      "raw_board_error_mean_m": 0.006617647058823529,
      "raw_board_error_p90_m": 0.0,
      "clamped_board_error_mean_m": 0.006617647058823529,
      "clamped_board_error_p90_m": 0.0,
      "mean_error_gain_m": 0.0,
      "pred_outside_board_ratio": 0.23529411764705882,
      "true_outside_board_ratio": 0.23529411764705882,
      "zone_accuracy": 1.0,
      "zone_neighbor_accuracy": 1.0
    }
  }
}