{
  "room_aware": {
    "KNN": {
      "cell_acc": 0.9169189371005718,
      "mean_error_m": 0.10332257995215899
    },
    "SAE+MultiLabel": {
      "cell_acc": 0.04910864446686848,
      "mean_error_m": 1.275620611830528
    },
    "SAE+KNN": {
      "cell_acc": 0.9154053144971409,
      "mean_error_m": 0.10347489701218583
    }
  },
  "e102": {
    "KNN": {
      "cell_acc": 0.9244444444444444,
      "mean_error_m": 0.11207765319132036
    },
    "SAE+MultiLabel": {
      "cell_acc": 0.05511111111111111,
      "mean_error_m": 1.2791192546208068
    },
    "SAE+KNN": {
      "cell_acc": 0.9275555555555556,
      "mean_error_m": 0.1079111910238183
    }
  }
}