held_out,n_train,n_test,mmd_rbf,wasserstein_Signal,psi_Signal,wasserstein_Noise,psi_Noise,wasserstein_signal_A1,psi_signal_A1,wasserstein_signal_A2,psi_signal_A2,wasserstein_signal_A3,psi_signal_A3,wasserstein_mean,wasserstein_max,psi_mean,psi_max
exp1_back_right,9375.0,1875.0,0.062020798780716646,1.014826666666667,0.32852204630121273,0.0030933333333332813,0.0,2.099626666666667,0.35111421201078913,2.0988800000000003,0.29175768126059537,2.5160533333333333,0.3648438475664522,1.546496,2.5160533333333333,0.26724755742780987,0.3648438475664522
exp2_front_right,9375.0,1875.0,0.021559842505959326,0.2926933333333335,0.026099312974466504,0.0030933333333332813,0.0,0.44906666666666717,0.06548756749407941,1.24512,0.08555817195746648,2.325546666666666,0.24092032109450803,0.8631040000000001,2.325546666666666,0.08361307470410409,0.24092032109450803
exp3_front_left,9375.0,1875.0,0.04603940235109105,1.7983999999999998,0.3976364632418118,0.0030933333333332813,0.0,0.31765333333333357,0.0933316946893247,1.9459199999999996,0.25705271253914685,3.4261333333333326,0.4983463444183237,1.4982399999999998,3.4261333333333326,0.24927344297772142,0.4983463444183237
exp4_back_left,9375.0,1875.0,0.02170083909325138,1.3141333333333336,0.19292727658627082,0.0030933333333332813,0.0,2.536106666666667,0.20574777930018984,0.981653333333333,0.15137646020313686,0.9053866666666662,0.20095108864996414,1.1480746666666666,2.536106666666667,0.15020052094791234,0.20574777930018984
exp5_ground,9375.0,1875.0,0.019399850654528317,0.8356266666666669,0.13235251690857402,0.0030933333333332813,0.0,0.974933333333333,0.12033132441674524,1.5632,0.17906351106136756,1.7781333333333331,0.16372423934137348,1.030997333333333,1.7781333333333331,0.11909431834561206,0.17906351106136756
exp6_1m50,9375.0,1875.0,0.1827146418380241,4.08192,2.0027009629316157,0.01546666666666674,0.0,3.9991466666666664,0.8144432508732874,2.8591999999999995,0.49504536447496056,5.720106666666666,1.4757916327582197,3.3351680000000004,5.720106666666666,0.9575962422076166,2.0027009629316157
