model_a,model_b,n_samples,acc_a,acc_b,delta_acc_a_minus_b,mean_error_m_a,mean_error_m_b,delta_mean_error_m_a_minus_b,mcnemar_a_correct_b_wrong,mcnemar_a_wrong_b_correct,mcnemar_p_value,mcnemar_note,wilcoxon_p_value,wilcoxon_note,paired_ttest_p_value
KNN,NN+L-KNN,4750,0.9204210526315789,0.9162105263157895,0.004210526315789442,0.10488920184304451,0.11179515982980337,-0.006905957986758856,65,45,0.06956519633623014,exact_binomial,0.03863661887792618,ok,0.03228553906851328
KNN,ExtraTrees,4750,0.9204210526315789,0.904,0.016421052631578892,0.10488920184304451,0.11974272282859068,-0.014853520985546173,143,65,6.62862659129684e-08,exact_binomial,0.004177353698112236,ok,0.0027799484675751548
NN+L-KNN,ExtraTrees,4750,0.9162105263157895,0.904,0.01221052631578945,0.11179515982980337,0.11974272282859068,-0.00794756299878732,146,88,0.0001813438328547242,exact_binomial,0.13457966902275462,ok,0.12311431914526662
