model,cell_acc,mean_error_m,p90_error_m
KNN,0.9204210526315789,0.10488920184304451,0.0
NN+L-KNN,0.9162105263157895,0.11179515982980337,0.0
ExtraTrees,0.904,0.11974272282859068,0.0
