grid_x,n_cells,mean_acc,mean_err
0,15,0.936,0.090581406208296
1,15,0.9235555555555556,0.1200849269199595
2,15,0.932888888888889,0.09237450038037681
3,15,0.896,0.14768322266662037
4,15,0.9217777777777777,0.1059379094675069
