{
  "room_aware": {
    "KNN": {
      "cell_acc": 0.9152371342078708,
      "mean_error_m": 0.10233227390902673
    },
    "MLP_CE": {
      "cell_acc": 0.35385132862428526,
      "mean_error_m": 0.869559620237674
    },
    "MLP_SpatialCE": {
      "cell_acc": 0.3363605785401951,
      "mean_error_m": 0.796080059451978
    },
    "Hierarchical": {
      "cell_acc": 0.3599058190380087,
      "mean_error_m": 0.7723401525947106
    }
  },
  "e102": {
    "KNN": {
      "cell_acc": 0.9244444444444444,
      "mean_error_m": 0.1138268855205167
    },
    "MLP_CE": {
      "cell_acc": 0.44133333333333336,
      "mean_error_m": 0.7756892646344331
    },
    "MLP_SpatialCE": {
      "cell_acc": 0.40444444444444444,
      "mean_error_m": 0.7215215635995285
    },
    "Hierarchical": {
      "cell_acc": 0.4746666666666667,
      "mean_error_m": 0.6219997115157329
    }
  }
}