zone,n_cells,mean_acc,mean_err
center,30,0.9188888888888889,0.10099832123468735
left_neg,20,0.9269999999999999,0.11420706060451132
right_far,25,0.9218666666666667,0.12143354542042188
