held_out,n_test,raw_cell_accuracy,smooth_cell_accuracy,delta_cell_accuracy,raw_mean_error_m,smooth_mean_error_m,delta_mean_error_m,raw_p90_error_m,smooth_p90_error_m,delta_p90_error_m,n_fixed,n_broken,net_fixed
exp1_back_right,1875,0.005333333333333333,0.005333333333333333,0.0,1.3950020419576064,1.3950020419576064,0.0,2.5179356624028344,2.5179356624028344,0.0,0,0,0
exp2_front_right,1875,0.03306666666666667,0.03306666666666667,0.0,1.321946982502458,1.321946982502458,0.0,2.5179356624028344,2.5179356624028344,0.0,0,0,0
exp3_front_left,1875,0.017066666666666667,0.017066666666666667,0.0,1.4625044498527777,1.4625044498527777,0.0,2.570992026436488,2.570992026436488,0.0,0,0,0
exp4_back_left,1875,0.0128,0.0128,0.0,1.4022102707207196,1.4022102707207196,0.0,2.55,2.55,0.0,0,0,0
exp5_ground,1875,0.0,0.0,0.0,1.454429404240898,1.454429404240898,0.0,2.814693589007514,2.814693589007514,0.0,0,0,0
exp6_1m50,1875,0.03626666666666667,0.03626666666666667,0.0,1.3819919236967007,1.3819919236967007,0.0,2.5179356624028344,2.5179356624028344,0.0,0,0,0
