held_out,n_test,raw_cell_accuracy,smooth_cell_accuracy,delta_cell_accuracy,raw_mean_error_m,smooth_mean_error_m,delta_mean_error_m,raw_p90_error_m,smooth_p90_error_m,delta_p90_error_m,n_fixed,n_broken,net_fixed
exp1_back_right,1875,0.0208,0.0208,0.0,1.3314004355127165,1.3314004355127165,0.0,2.5179356624028344,2.5179356624028344,0.0,0,0,0
exp2_front_right,1875,0.03573333333333333,0.03573333333333333,0.0,1.353805248348177,1.3523732747011004,-0.0014319736470767008,2.5179356624028344,2.5179356624028344,0.0,0,0,0
exp3_front_left,1875,0.021866666666666666,0.021866666666666666,0.0,1.4584712965264712,1.4584712965264712,0.0,2.75,2.75,0.0,0,0,0
exp4_back_left,1875,0.0176,0.0176,0.0,1.3841420644761715,1.3766484309222577,-0.007493633553913748,2.423324163210527,2.423324163210527,0.0,0,0,0
exp5_ground,1875,0.005866666666666667,0.005866666666666667,0.0,1.3951026220140812,1.3951026220140812,0.0,2.5179356624028344,2.5179356624028344,0.0,0,0,0
exp6_1m50,1875,0.024533333333333334,0.0176,-0.006933333333333333,1.4347293033451005,1.447274718624783,0.012545415279682448,2.75,2.75,0.0,0,13,-13
