held_out,n_test,raw_cell_accuracy,smooth_cell_accuracy,delta_cell_accuracy,raw_mean_error_m,smooth_mean_error_m,delta_mean_error_m,raw_p90_error_m,smooth_p90_error_m,delta_p90_error_m,n_fixed,n_broken,net_fixed
exp1_back_right,1875,0.0208,0.0288,0.008,1.3314004355127165,1.3207347800718316,-0.010665655440884825,2.5179356624028344,2.5,-0.017935662402834396,15,0,15
exp2_front_right,1875,0.03573333333333333,0.03573333333333333,0.0,1.353805248348177,1.351040563195055,-0.002764685153122004,2.5179356624028344,2.5179356624028344,0.0,0,0,0
exp3_front_left,1875,0.021866666666666666,0.021866666666666666,0.0,1.4584712965264712,1.4782615483411006,0.019790251814629345,2.75,2.75,0.0,0,0,0
exp4_back_left,1875,0.0176,0.0176,0.0,1.3841420644761715,1.3729752637713126,-0.01116680070485887,2.423324163210527,2.33238075793812,-0.09094340527240696,0,0,0
exp5_ground,1875,0.005866666666666667,0.0208,0.014933333333333333,1.3951026220140812,1.369827924287628,-0.0252746977264533,2.5179356624028344,2.5,-0.017935662402834396,28,0,28
exp6_1m50,1875,0.024533333333333334,0.0176,-0.006933333333333333,1.4347293033451005,1.4561567902818335,0.02142748693673302,2.75,2.75,0.0,0,13,-13
