{
  "room_aware": {
    "KNN": {
      "cell_acc": 0.9169189371005718,
      "mean_error_m": 0.10332257995215899,
      "p90_error_m": 0.0
    },
    "RF": {
      "cell_acc": 0.9180961991254625,
      "mean_error_m": 0.10117062715120773,
      "p90_error_m": 0.0
    },
    "TabM": {
      "cell_acc": 0.38076017490750086,
      "mean_error_m": 0.8720801042306204,
      "p90_error_m": 2.423324163210527
    }
  },
  "e102": {
    "KNN": {
      "cell_acc": 0.9244444444444444,
      "mean_error_m": 0.11207765319132036,
      "p90_error_m": 0.0
    },
    "RF": {
      "cell_acc": 0.9333333333333333,
      "mean_error_m": 0.10497311862507622,
      "p90_error_m": 0.0
    },
    "TabM": {
      "cell_acc": 0.33066666666666666,
      "mean_error_m": 0.9863484949587512,
      "p90_error_m": 2.5
    }
  }
}