{
  "room_aware": {
    "KNN": {
      "cell_acc": 0.9169189371005718,
      "mean_error_m": 0.10332257995215899,
      "p90_error_m": 0.0,
      "n_test": 5946
    },
    "RF": {
      "cell_acc": 0.9180961991254625,
      "mean_error_m": 0.10117062715120773,
      "p90_error_m": 0.0,
      "n_test": 5946
    },
    "TabNet": {
      "cell_acc": 0.2537840565085772,
      "mean_error_m": 0.9888372378452157,
      "p90_error_m": 2.423324163210527,
      "n_test": 5946
    }
  },
  "e102_intraroom": {
    "KNN": {
      "cell_acc": 0.9244444444444444,
      "mean_error_m": 0.11207765319132036,
      "p90_error_m": 0.0,
      "n_test": 2250
    },
    "RF": {
      "cell_acc": 0.9333333333333333,
      "mean_error_m": 0.10497311862507622,
      "p90_error_m": 0.0,
      "n_test": 2250
    },
    "TabNet": {
      "cell_acc": 0.5164444444444445,
      "mean_error_m": 0.7002488614830487,
      "p90_error_m": 2.08806130178211,
      "n_test": 2250
    }
  }
}