{
  "dataset": {
    "n_samples": 29730,
    "rooms": [
      "B121",
      "D005",
      "E101",
      "E102"
    ],
    "n_rooms": 4,
    "n_cells": 83,
    "distances": [
      2.0,
      3.0,
      4.0,
      5.0
    ]
  },
  "room_agnostic_rows": [
    {
      "held_out_room": "B121",
      "n_test": 5980,
      "cell_accuracy": 0.013879598662207358,
      "mean_error_m": 1.4294589978760357,
      "p90_error_m": 2.6570660511172846,
      "rf_cell_accuracy": 0.008862876254180602,
      "rf_mean_error_m": 1.4709341436031738,
      "rf_p90_error_m": 2.766315238724611,
      "knn_cell_accuracy": 0.023076923076923078,
      "knn_mean_error_m": 1.5085912137644168,
      "knn_p90_error_m": 3.0,
      "knn_dist_scaled_cell_accuracy": 0.02157190635451505,
      "knn_dist_scaled_mean_error_m": 1.444660202964226,
      "knn_dist_scaled_p90_error_m": 2.773084924772409,
      "cal_logreg_cell_accuracy": 0.0068561872909699,
      "cal_logreg_mean_error_m": 1.5888840888338391,
      "cal_logreg_p90_error_m": 3.059411708155671,
      "et_cell_accuracy": 0.01839464882943144,
      "et_mean_error_m": 1.4073404484543415,
      "et_p90_error_m": 2.75,
      "svm_cell_accuracy": 0.016555183946488295,
      "svm_mean_error_m": 1.4686811324653466,
      "svm_p90_error_m": 2.766315238724611,
      "svm_lin_cell_accuracy": 0.012040133779264214,
      "svm_lin_mean_error_m": 1.5127827493427943,
      "svm_lin_p90_error_m": 3.059411708155671,
      "svm_poly_cell_accuracy": 0.021237458193979934,
      "svm_poly_mean_error_m": 1.4222083557344711,
      "svm_poly_p90_error_m": 2.55,
      "hgb_cell_accuracy": 0.014548494983277592,
      "hgb_mean_error_m": 1.4057181003600452,
      "hgb_p90_error_m": 2.766315238724611,
      "gbdt_cell_accuracy": 0.014046822742474917,
      "gbdt_mean_error_m": 1.47136249156579,
      "gbdt_p90_error_m": 2.766315238724611,
      "knn_maha_cell_accuracy": NaN,
      "knn_maha_mean_error_m": NaN,
      "knn_maha_p90_error_m": NaN,
      "knn_lda_cell_accuracy": 0.02608695652173913,
      "knn_lda_mean_error_m": 1.4245663042370227,
      "knn_lda_p90_error_m": 2.766315238724611,
      "mlp_cell_accuracy": 0.01036789297658863,
      "mlp_mean_error_m": 1.4799914152163223,
      "mlp_p90_error_m": 2.75,
      "gnb_cell_accuracy": 0.007357859531772575,
      "gnb_mean_error_m": 1.608468206434171,
      "gnb_p90_error_m": 3.059411708155671,
      "bag_knn_cell_accuracy": 0.0225752508361204,
      "bag_knn_mean_error_m": 1.4386774007153913,
      "bag_knn_p90_error_m": 2.814693589007514,
      "gpc_cell_accuracy": NaN,
      "gpc_mean_error_m": NaN,
      "gpc_p90_error_m": NaN,
      "qda_cell_accuracy": 0.014046822742474917,
      "qda_mean_error_m": 1.5481495810309762,
      "qda_p90_error_m": 3.014962686336267,
      "cat_cell_accuracy": NaN,
      "cat_mean_error_m": NaN,
      "cat_p90_error_m": NaN,
      "lgbm_cell_accuracy": NaN,
      "lgbm_mean_error_m": NaN,
      "lgbm_p90_error_m": NaN,
      "xgb_cell_accuracy": NaN,
      "xgb_mean_error_m": NaN,
      "xgb_p90_error_m": NaN,
      "stacking_cell_accuracy": NaN,
      "stacking_mean_error_m": NaN,
      "stacking_p90_error_m": NaN,
      "router_distance_acc": 0.44498327759197326
    },
    {
      "held_out_room": "D005",
      "n_test": 1700,
      "cell_accuracy": 0.018235294117647058,
      "mean_error_m": 1.135785483526616,
      "p90_error_m": 2.0880613017821097,
      "rf_cell_accuracy": 0.007647058823529412,
      "rf_mean_error_m": 1.1400677213025405,
      "rf_p90_error_m": 2.0880613017821097,
      "knn_cell_accuracy": 0.0,
      "knn_mean_error_m": 1.1900258173813585,
      "knn_p90_error_m": 2.08806130178211,
      "knn_dist_scaled_cell_accuracy": 0.010588235294117647,
      "knn_dist_scaled_mean_error_m": 1.1754684893672003,
      "knn_dist_scaled_p90_error_m": 2.08806130178211,
      "cal_logreg_cell_accuracy": 0.019411764705882354,
      "cal_logreg_mean_error_m": 1.2329187927339567,
      "cal_logreg_p90_error_m": 2.08806130178211,
      "et_cell_accuracy": 0.0058823529411764705,
      "et_mean_error_m": 1.1595526930468698,
      "et_p90_error_m": 2.0880613017821097,
      "svm_cell_accuracy": 0.03,
      "svm_mean_error_m": 1.1386460411619006,
      "svm_p90_error_m": 2.08806130178211,
      "svm_lin_cell_accuracy": 0.01764705882352941,
      "svm_lin_mean_error_m": 1.1862560041160026,
      "svm_lin_p90_error_m": 2.0223748416156684,
      "svm_poly_cell_accuracy": 0.02,
      "svm_poly_mean_error_m": 1.2785795719409787,
      "svm_poly_p90_error_m": 2.1219095173922944,
      "hgb_cell_accuracy": 0.027058823529411764,
      "hgb_mean_error_m": 1.2444630619478891,
      "hgb_p90_error_m": 2.2699118925632336,
      "gbdt_cell_accuracy": 0.013529411764705882,
      "gbdt_mean_error_m": 1.1551079240561817,
      "gbdt_p90_error_m": 2.08806130178211,
      "knn_maha_cell_accuracy": NaN,
      "knn_maha_mean_error_m": NaN,
      "knn_maha_p90_error_m": NaN,
      "knn_lda_cell_accuracy": 0.018823529411764704,
      "knn_lda_mean_error_m": 1.1856799624341299,
      "knn_lda_p90_error_m": 2.0880613017821097,
      "mlp_cell_accuracy": 0.012941176470588235,
      "mlp_mean_error_m": 1.320971053854037,
      "mlp_p90_error_m": 2.1931712199461306,
      "gnb_cell_accuracy": 0.028823529411764706,
      "gnb_mean_error_m": 1.4248013470759053,
      "gnb_p90_error_m": 2.5,
      "bag_knn_cell_accuracy": 0.0,
      "bag_knn_mean_error_m": 1.1597490933654517,
      "bag_knn_p90_error_m": 2.08806130178211,
      "gpc_cell_accuracy": NaN,
      "gpc_mean_error_m": NaN,
      "gpc_p90_error_m": NaN,
      "qda_cell_accuracy": 0.00411764705882353,
      "qda_mean_error_m": 1.505265028817353,
      "qda_p90_error_m": 2.5,
      "cat_cell_accuracy": NaN,
      "cat_mean_error_m": NaN,
      "cat_p90_error_m": NaN,
      "lgbm_cell_accuracy": NaN,
      "lgbm_mean_error_m": NaN,
      "lgbm_p90_error_m": NaN,
      "xgb_cell_accuracy": NaN,
      "xgb_mean_error_m": NaN,
      "xgb_p90_error_m": NaN,
      "stacking_cell_accuracy": NaN,
      "stacking_mean_error_m": NaN,
      "stacking_p90_error_m": NaN,
      "router_distance_acc": NaN
    },
    {
      "held_out_room": "E101",
      "n_test": 10800,
      "cell_accuracy": 0.012962962962962963,
      "mean_error_m": 1.3714480116333077,
      "p90_error_m": 2.5179356624028344,
      "rf_cell_accuracy": 0.008240740740740741,
      "rf_mean_error_m": 1.329691536532718,
      "rf_p90_error_m": 2.5179356624028344,
      "knn_cell_accuracy": 0.010555555555555556,
      "knn_mean_error_m": 1.3838040589431433,
      "knn_p90_error_m": 2.570992026436488,
      "knn_dist_scaled_cell_accuracy": 0.012685185185185185,
      "knn_dist_scaled_mean_error_m": 1.373216268338161,
      "knn_dist_scaled_p90_error_m": 2.5179356624028344,
      "cal_logreg_cell_accuracy": 0.0125,
      "cal_logreg_mean_error_m": 1.548667690472635,
      "cal_logreg_p90_error_m": 2.814693589007514,
      "et_cell_accuracy": 0.008888888888888889,
      "et_mean_error_m": 1.3329269635846015,
      "et_p90_error_m": 2.5179356624028344,
      "svm_cell_accuracy": 0.020555555555555556,
      "svm_mean_error_m": 1.4220803276883187,
      "svm_p90_error_m": 2.6570660511172846,
      "svm_lin_cell_accuracy": 0.010555555555555556,
      "svm_lin_mean_error_m": 1.513426617238711,
      "svm_lin_p90_error_m": 2.773084924772409,
      "svm_poly_cell_accuracy": 0.00787037037037037,
      "svm_poly_mean_error_m": 1.2768582987384958,
      "svm_poly_p90_error_m": 2.3286262044390034,
      "hgb_cell_accuracy": 0.010833333333333334,
      "hgb_mean_error_m": 1.4681675860777728,
      "hgb_p90_error_m": 2.75,
      "gbdt_cell_accuracy": 0.016203703703703703,
      "gbdt_mean_error_m": 1.3507523935530092,
      "gbdt_p90_error_m": 2.5179356624028344,
      "knn_maha_cell_accuracy": NaN,
      "knn_maha_mean_error_m": NaN,
      "knn_maha_p90_error_m": NaN,
      "knn_lda_cell_accuracy": 0.010555555555555556,
      "knn_lda_mean_error_m": 1.3549784000613225,