{
  "config": {
    "episodes": 2000,
    "n_way": 15,
    "n_support": 5,
    "n_query": 10,
    "lr": 0.001,
    "n_trials": 5,
    "k_values": [
      1,
      3,
      5,
      10,
      25
    ],
    "kf_window": 10,
    "kf_noise_std": 3.0,
    "kf_Q": 0.001,
    "kf_R": 1.0,
    "seed": 42,
    "output_name": "tcn_protonet_wifi.json"
  },
  "folds": {
    "B121": {
      "TCN_PN_K1": {
        "mean": 0.17623728813559322,
        "std": 0.005023815731538401,
        "n_trials": 5,
        "err": {
          "mean": 1.137096716916819,
          "std": 0.04479102013505795,
          "n_trials": 5
        }
      },
      "TCN_PN_KF_K1": {
        "mean": 0.01840677966101695,
        "std": 0.0012979111673950272,
        "n_trials": 5,
        "err": {
          "mean": 1.285560968734957,
          "std": 0.06139976077882686,
          "n_trials": 5
        }
      },
      "TCN_PN_K3": {
        "mean": 0.09536585365853659,
        "std": 0.007465395651552187,
        "n_trials": 5,
        "err": {
          "mean": 1.3031708595706806,
          "std": 0.028924762450873123,
          "n_trials": 5
        }
      },
      "TCN_PN_KF_K3": {
        "mean": 0.017526132404181185,
        "std": 0.0015091573399099451,
        "n_trials": 5,
        "err": {
          "mean": 1.3297783463583248,
          "std": 0.03759830664083628,
          "n_trials": 5
        }
      },
      "TCN_PN_K5": {
        "mean": 0.0900358422939068,
        "std": 0.007450198213758342,
        "n_trials": 5,
        "err": {
          "mean": 1.2714421069367305,
          "std": 0.016230371801743748,
          "n_trials": 5
        }
      },
      "TCN_PN_KF_K5": {
        "mean": 0.017168458781362007,
        "std": 0.0008046575025320295,
        "n_trials": 5,
        "err": {
          "mean": 1.3125317299256527,
          "std": 0.0648871365143777,
          "n_trials": 5
        }
      },
      "TCN_PN_K10": {
        "mean": 0.08501930501930502,
        "std": 0.007127291816400286,
        "n_trials": 5,
        "err": {
          "mean": 1.2836515105007507,
          "std": 0.028555051566745523,
          "n_trials": 5
        }
      },
      "TCN_PN_KF_K10": {
        "mean": 0.015752895752895752,
        "std": 0.0011230146387837055,
        "n_trials": 5,
        "err": {
          "mean": 1.3464279956792566,
          "std": 0.039870029970633415,
          "n_trials": 5
        }
      },
      "TCN_PN_K25": {
        "mean": 0.08527638190954773,
        "std": 0.011881632997904857,
        "n_trials": 5,
        "err": {
          "mean": 1.2769207197505223,
          "std": 0.015236513107912696,
          "n_trials": 5
        }
      },
      "TCN_PN_KF_K25": {
        "mean": 0.017185929648241206,
        "std": 0.0013257191917862225,
        "n_trials": 5,
        "err": {
          "mean": 1.3584807541033688,
          "std": 0.026141475106683906,
          "n_trials": 5
        }
      }
    },
    "D005": {
      "TCN_PN_K1": {
        "mean": 0.30192076830732295,
        "std": 0.00926783148409066,
        "n_trials": 5,
        "err": {
          "mean": 0.6191112780961164,
          "std": 0.01944893143910267,
          "n_trials": 5
        }
      },
      "TCN_PN_KF_K1": {
        "mean": 0.04321728691476591,
        "std": 0.0018981258464396055,
        "n_trials": 5,
        "err": {
          "mean": 0.8567084738707699,
          "std": 0.09966777179057337,
          "n_trials": 5
        }
      },
      "TCN_PN_K3": {
        "mean": 0.2309136420525657,
        "std": 0.013931211123248443,
        "n_trials": 5,
        "err": {
          "mean": 0.6719736431342637,
          "std": 0.041500638151224865,
          "n_trials": 5
        }
      },
      "TCN_PN_KF_K3": {
        "mean": 0.04292866082603254,
        "std": 0.004557482216779255,
        "n_trials": 5,
        "err": {
          "mean": 0.842593560738209,
          "std": 0.10154938009969192,
          "n_trials": 5
        }
      },
      "TCN_PN_K5": {
        "mean": 0.21516339869281045,
        "std": 0.02265024169128416,
        "n_trials": 5,
        "err": {
          "mean": 0.7016988984740485,
          "std": 0.03303207283974967,
          "n_trials": 5
        }
      },
      "TCN_PN_KF_K5": {
        "mean": 0.038300653594771236,
        "std": 0.002131961624875828,
        "n_trials": 5,
        "err": {
          "mean": 0.8386206479640137,
          "std": 0.07620255264368939,
          "n_trials": 5
        }
      },
      "TCN_PN_K10": {
        "mean": 0.2132352941176471,
        "std": 0.012382667314718163,
        "n_trials": 5,
        "err": {
          "mean": 0.6820891805452082,
          "std": 0.028738891584420643,
          "n_trials": 5
        }
      },
      "TCN_PN_KF_K10": {
        "mean": 0.039558823529411764,
        "std": 0.0021512851232834977,
        "n_trials": 5,
        "err": {
          "mean": 0.8208720196150241,
          "std": 0.04752406315059605,
          "n_trials": 5
        }
      },
      "TCN_PN_K25": {
        "mean": 0.18494117647058825,
        "std": 0.008198235948322042,
        "n_trials": 5,
        "err": {
          "mean": 0.7139608446796626,
          "std": 0.028471534511770945,
          "n_trials": 5
        }
      },
      "TCN_PN_KF_K25": {
        "mean": 0.035764705882352935,
        "std": 0.003908999464902623,
        "n_trials": 5,
        "err": {
          "mean": 0.7966654665508888,
          "std": 0.038025598888961516,
          "n_trials": 5
        }
      }
    },
    "E101": {
      "TCN_PN_K1": {
        "mean": 0.11301267710663684,
        "std": 0.005708047833810107,
        "n_trials": 5,
        "err": {
          "mean": 1.2185348055444618,
          "std": 0.05283572056383855,
          "n_trials": 5
        }
      },
      "TCN_PN_KF_K1": {
        "mean": 0.019519015659955258,
        "std": 0.0009733614826403143,
        "n_trials": 5,
        "err": {
          "mean": 1.310435303565319,
          "std": 0.17017960542231791,
          "n_trials": 5
        }
      },
      "TCN_PN_K3": {
        "mean": 0.06676114890400604,
        "std": 0.005422523195692006,
        "n_trials": 5,
        "err": {
          "mean": 1.2308055388847636,
          "std": 0.00430655690347531,
          "n_trials": 5
        }
      },
      "TCN_PN_KF_K3": {
        "mean": 0.017819349962207107,
        "std": 0.0010325832269322945,
        "n_trials": 5,
        "err": {
          "mean": 1.2828754707095515,
          "std": 0.15399618769022644,
          "n_trials": 5
        }
      },
      "TCN_PN_K5": {
        "mean": 0.07061302681992337,
        "std": 0.003795521501795119,
        "n_trials": 5,
        "err": {
          "mean": 1.2536309022629615,
          "std": 0.013770150512336777,
          "n_trials": 5
        }
      },
      "TCN_PN_KF_K5": {
        "mean": 0.01735632183908046,
        "std": 0.000927488002828368,
        "n_trials": 5,
        "err": {
          "mean": 1.2734398520888177,
          "std": 0.19024430144503213,
          "n_trials": 5
        }
      },
      "TCN_PN_K10": {
        "mean": 0.06194444444444445,
        "std": 0.0050365569610268425,
        "n_trials": 5,
        "err": {
          "mean": 1.2778280715303225,
          "std": 0.01353703462489616,
          "n_trials": 5
        }
      },
      "TCN_PN_KF_K10": {
        "mean": 0.017361111111111112,
        "std": 0.0008204790923863231,
        "n_trials": 5,
        "err": {
          "mean": 1.1688643358917772,
          "std": 0.06745568997168025,
          "n_trials": 5
        }
      },
      "TCN_PN_K25": {
        "mean": 0.06991111111111112,
        "std": 0.007784251274286729,
        "n_trials": 5,
        "err": {
          "mean": 1.2483380049165012,
          "std": 0.03169394817856016,
          "n_trials": 5
        }
      },
      "TCN_PN_KF_K25": {
        "mean": 0.017755555555555552,
        "std": 0.00035416394334464996,
        "n_trials": 5,