{
  "cell_acc": 0.9632075471698113,
  "router_dist_acc": 0.5556603773584906,
  "room_acc": 0.730188679245283,
  "test_size": 0.2
}