{
  "folds": {
    "B121": {
      "vanilla": {
        "cell_acc": 0.009030100334448161,
        "mean_error_m": 1.4476298805858865
      },
      "bn_stats": {
        "cell_acc": 0.009030100334448161,
        "mean_error_m": 1.4476298805858865
      },
      "tent": {
        "cell_acc": 0.013879598662207358,
        "mean_error_m": 1.4254029475661998
      },
      "full_ent": {
        "cell_acc": 0.012709030100334449,
        "mean_error_m": 1.426035181883983
      }
    },
    "D005": {
      "vanilla": {
        "cell_acc": 0.03470588235294118,
        "mean_error_m": 1.1191167391407157
      },
      "bn_stats": {
        "cell_acc": 0.03470588235294118,
        "mean_error_m": 1.1191167391407157
      },
      "tent": {
        "cell_acc": 0.014705882352941176,
        "mean_error_m": 1.1473272138296962
      },
      "full_ent": {
        "cell_acc": 0.00823529411764706,
        "mean_error_m": 1.1628683067717203
      }
    },
    "E101": {
      "vanilla": {
        "cell_acc": 0.01037037037037037,
        "mean_error_m": 1.39788846776232
      },
      "bn_stats": {
        "cell_acc": 0.01037037037037037,
        "mean_error_m": 1.3980757007053077
      },
      "tent": {
        "cell_acc": 0.011666666666666667,
        "mean_error_m": 1.315549907671115
      },
      "full_ent": {
        "cell_acc": 0.015277777777777777,
        "mean_error_m": 1.3100989219171777
      }
    },
    "E102": {
      "vanilla": {
        "cell_acc": 0.01448888888888889,
        "mean_error_m": 1.4461617132942468
      },
      "bn_stats": {
        "cell_acc": 0.01448888888888889,
        "mean_error_m": 1.4461379357355981
      },
      "tent": {
        "cell_acc": 0.016888888888888887,
        "mean_error_m": 1.4474422090458818
      },
      "full_ent": {
        "cell_acc": 0.01902222222222222,
        "mean_error_m": 1.4069939309403923
      }
    }
  },
  "averages": {
    "vanilla": {
      "cell_acc_mean": 0.01714881048666215,
      "cell_acc_std": 0.010334247195246051
    },
    "bn_stats": {
      "cell_acc_mean": 0.01714881048666215,
      "cell_acc_std": 0.010334247195246051
    },
    "tent": {
      "cell_acc_mean": 0.014285259142676022,
      "cell_acc_std": 0.001869317971962308
    },
    "full_ent": {
      "cell_acc_mean": 0.013811081054495376,
      "cell_acc_std": 0.003924637174910574
    }
  }
}