protocol,fold_id,model,calibration,status,reason,n_test,top1_acc,top3_acc,top5_acc,mean_error_m,p90_error_m,top3_min_error_m,top5_min_error_m,nll,brier_multiclass,ece,avg_confidence,coverage_at_target_acc,temperature
room_aware,split_80_20,KNN,none,ok,,4750,0.9227368421052632,0.9785263157894737,0.9821052631578947,0.0975770522473725,0.0,0.013362696958567977,0.010849222469188586,0.7738858128144325,0.10082605350028588,0.023209496899578172,0.9459463390048412,0.9197894736842105,
room_aware,split_80_20,KNN,temperature,ok,,4750,0.9208421052631579,0.9736842105263158,0.9768421052631578,0.09996054363204986,0.0,0.019278884631362424,0.013747017238393994,0.31945672714428963,0.1030502734119894,0.019546780861801866,0.9051171353271182,0.911578947368421,3.5085191433519127
room_aware,split_80_20,HistGB,none,ok,,4750,0.8117894736842105,0.924,0.9501052631578948,0.23656869534025224,1.0440306508910548,0.051463211904010916,0.02618892034722376,2.136184401721189,0.3813454731546154,0.2912776064006757,0.5905002971303958,0.0,
room_aware,split_80_20,HistGB,temperature,ok,,4750,0.9183157894736842,0.9726315789473684,0.9778947368421053,0.09844864139467127,0.0,0.01887948651570012,0.011042347747690938,0.2854314176614211,0.1036907933035305,0.011690780086135902,0.9224426694427557,0.9366315789473684,1.0772173450159415
