protocol,fold_id,model,calibration,status,reason,n_test,top1_acc,top3_acc,top5_acc,mean_error_m,p90_error_m,top3_min_error_m,top5_min_error_m,nll,brier_multiclass,ece,avg_confidence,coverage_at_target_acc,temperature
room_aware,split_80_20,KNN,none,ok,,300,0.41333333333333333,0.4766666666666667,0.5033333333333333,0.7944336829178356,2.1290356876476797,0.42364420000974046,0.3113719336679687,17.980310760300746,0.7462112805490076,0.208177989086141,0.6198446557528077,0.0,
room_aware,split_80_20,KNN,temperature,ok,,300,0.37666666666666665,0.43333333333333335,0.4633333333333333,0.858915085663492,2.1290356876476797,0.4705788642697297,0.32749712991209634,3.9325017026321225,0.7611202603308594,0.11701237551000084,0.4002245155518537,0.0,5.0
