model,n_test,mean_error_m,median_error_m,p80_error_m,p90_error_m,within_0_10m,within_0_22m,cell_accuracy,mean_lateral_error_m,mean_depth_error_m
rf_cell_classifier,144,0.2544971817800165,0.0,0.4343074902772003,0.9881405906844788,0.7569444444444444,0.7569444444444444,0.7569444444444444,0.2152777777777778,0.08749999999999997
rf_polar,144,0.3882974333389644,0.2039715855242164,0.5761747561664358,0.8133847519304639,0.2361111111111111,0.5138888888888888,0.4027777777777778,0.2878175557345093,0.20936301775270064
xgb_cell_classifier,144,0.3369375179772544,0.0,0.6600000000000008,1.2748472092527714,0.7222222222222222,0.7222222222222222,0.7222222222222222,0.2881944444444444,0.09583333333333331
weighted_xgb_rf,144,0.6116085419069854,0.45793598312659467,0.8601830342663839,1.4142185117775252,0.027777777777777776,0.1527777777777778,0.08333333333333333,0.4774926845671376,0.29073040558044805
xgb_polar,144,0.7335334855878626,0.5684979663531219,1.0156353492525425,1.5152411430396808,0.034722222222222224,0.10416666666666667,0.06944444444444445,0.5732834840355966,0.34654241857477097
arbitrated_proxy,144,0.8582716752047292,0.8055227027081944,1.2665345948721107,1.6684138319743527,0.034722222222222224,0.08333333333333333,0.034722222222222224,0.7778110965718658,0.22346559871292473
