model,n_test,mean_error_m,median_error_m,p80_error_m,p90_error_m,within_0_10m,within_0_22m,cell_accuracy,mean_lateral_error_m,mean_depth_error_m
rf_polar,150,0.5279563416904962,0.2767666954816467,0.6969856481381046,1.2968826971342415,0.13333333333333333,0.37333333333333335,0.22,0.41883629288948004,0.23626292751590716
weighted_xgb_rf,150,0.7835015604437546,0.584826662987074,1.2229533524377851,1.7537817645354086,0.04,0.15333333333333332,0.09333333333333334,0.6292130809592087,0.3379008514911716
xgb_polar,150,0.9113997961177932,0.6838765607794292,1.3630809870453195,2.1423936708655327,0.03333333333333333,0.11333333333333333,0.08,0.7279782115483662,0.40016350606347134
arbitrated_proxy,150,0.9166621336313934,0.7974270144014581,1.4435796972552208,1.6922516153066685,0.006666666666666667,0.08,0.03333333333333333,0.8678707847664626,0.1776964243713136
