model,n_test,mean_error_m,median_error_m,p80_error_m,p90_error_m,within_0_10m,within_0_22m,cell_accuracy,mean_lateral_error_m,mean_depth_error_m
xgb_cell_classifier,294,0.3497720210359603,0.0,0.589857113690718,1.4941672647683149,0.7278911564625851,0.7278911564625851,0.7278911564625851,0.3120748299319728,0.10714285714285714
rf_cell_classifier,294,0.3610966955175991,0.0,0.6900000000000006,1.7091647305596167,0.7346938775510204,0.7346938775510204,0.7346938775510204,0.32568027210884354,0.09795918367346937
rf_polar,294,0.6224522825579454,0.3419993341246026,0.9400548091763778,1.6560959574844556,0.10204081632653061,0.2925170068027211,0.20748299319727892,0.47641995315453284,0.2989472539569767
weighted_xgb_rf,294,0.6658973551524809,0.44377025404907494,1.0015691262905966,1.490215273719844,0.06462585034013606,0.20408163265306123,0.1360544217687075,0.5072108177684737,0.32708200108681973
xgb_polar,294,0.7073692941787003,0.47696882842673083,1.0945544213046665,1.6574879325457499,0.06462585034013606,0.1870748299319728,0.12585034013605442,0.5343934993972745,0.35836535732807717
arbitrated_proxy,294,0.7959494925079971,0.7049487275573605,1.2548096737310412,1.5714461027770186,0.04081632653061224,0.1326530612244898,0.07142857142857142,0.7154214335980096,0.22174674014696247
