model,n_test,mean_error_m,median_error_m,p80_error_m,p90_error_m,within_0_10m,within_0_22m,cell_accuracy,mean_lateral_error_m,mean_depth_error_m
rf_polar,144,0.3882974333389644,0.20397158552421643,0.5761747561664357,0.8133847519304639,0.2361111111111111,0.5138888888888888,0.4027777777777778,0.2878175557345093,0.20936301775270064
weighted_xgb_rf,144,0.6116085419069854,0.45793598312659467,0.8601830342663839,1.4142185117775252,0.027777777777777776,0.1527777777777778,0.08333333333333333,0.4774926845671376,0.29073040558044805
xgb_polar,144,0.7335334855878626,0.5684979663531219,1.0156353492525425,1.5152411430396808,0.034722222222222224,0.10416666666666667,0.06944444444444445,0.5732834840355966,0.34654241857477097
arbitrated_proxy,144,0.8582716752047292,0.8055227027081946,1.2665345948721107,1.6684138319743527,0.034722222222222224,0.08333333333333333,0.034722222222222224,0.7778110965718658,0.2234655987129247
