model,n_test,mean_error_m,median_error_m,p80_error_m,p90_error_m,within_0_10m,within_0_22m,cell_accuracy,mean_lateral_error_m,mean_depth_error_m
xgb_cell_classifier,150,0.2660866511794106,0.0,0.0,1.0562466236988548,0.82,0.82,0.82,0.25166666666666665,0.044
rf_cell_classifier,150,0.25281978727432824,0.0,0.0,1.1781209423939778,0.8266666666666667,0.8266666666666667,0.8266666666666667,0.23666666666666666,0.04999999999999999
rf_polar,150,0.5279563416904962,0.2767666954816467,0.6969856481381046,1.2968826971342424,0.13333333333333333,0.37333333333333335,0.22,0.41883629288948004,0.2362629275159071
xgb_polar,150,0.5119619499269135,0.2602950702345257,0.7248337399829763,1.3976473237806057,0.15333333333333332,0.42,0.3333333333333333,0.3832756931774035,0.24377254869281667
weighted_xgb_rf,150,0.5035658146223092,0.26993981774566167,0.7531599979627486,1.1282752871441972,0.16,0.42,0.28,0.38946508559463583,0.23045718466495632
arbitrated_proxy,150,0.7858611805899139,0.6348550038157466,1.225883008716387,1.7176293042674857,0.06,0.16,0.08666666666666667,0.7348234831013943,0.17585537082945674
