model,n_test,mean_error_m,median_error_m,p80_error_m,p90_error_m,within_0_10m,within_0_22m,cell_accuracy,mean_lateral_error_m,mean_depth_error_m
rf_polar,144,0.3882974333389644,0.20397158552421643,0.5761747561664359,0.813384751930464,0.2361111111111111,0.5138888888888888,0.4027777777777778,0.2878175557345093,0.20936301775270064
weighted_xgb_rf,144,0.5707811978056656,0.41321269612536277,0.7986502431070182,1.3178172275986813,0.0763888888888889,0.25,0.14583333333333334,0.4424894349875378,0.27001256967591464
xgb_polar,144,0.6704671112081597,0.4759677721573823,0.8967560876803732,1.4708983086463663,0.06944444444444445,0.20833333333333334,0.09027777777777778,0.5210513084606585,0.31920929328480935
arbitrated_proxy,144,0.802427269494066,0.7547727316250064,1.2521260786717479,1.4489418634166094,0.05555555555555555,0.1388888888888889,0.0763888888888889,0.7306261180093069,0.20450109701790894
