model,n_test,mean_error_m,median_error_m,p80_error_m,p90_error_m,within_0_10m,within_0_22m,cell_accuracy,mean_lateral_error_m,mean_depth_error_m
rf_cell_classifier,144,0.2544971817800165,0.0,0.4343074902772003,0.9881405906844788,0.7569444444444444,0.7569444444444444,0.7569444444444444,0.2152777777777778,0.08749999999999997
xgb_cell_classifier,144,0.2658259783016949,0.0,0.5,1.0,0.7638888888888888,0.7638888888888888,0.7638888888888888,0.2309027777777778,0.07708333333333332
weighted_xgb_rf,144,0.3804647503639668,0.23835602086543323,0.5382747331763702,0.7681607508988143,0.1875,0.4652777777777778,0.3541666666666667,0.2890140596701787,0.1926270258594547
xgb_polar,144,0.39052964392261735,0.2700232401834317,0.5433136255753833,0.8023205786699003,0.19444444444444445,0.4097222222222222,0.3194444444444444,0.29987101442011505,0.18950775194362074
rf_polar,144,0.3882974333389644,0.20397158552421643,0.5761747561664358,0.813384751930464,0.2361111111111111,0.5138888888888888,0.4027777777777778,0.28781755573450923,0.20936301775270064
arbitrated_proxy,144,0.5676534408307753,0.46921566681221794,0.9107024234601951,1.1204556628759754,0.0763888888888889,0.2708333333333333,0.14583333333333334,0.5328395765079836,0.1179834809719139
